ticker,date,close
MRVL,2026-09-22,262.36
MRVL,2026-09-24,258.95
MRVL,2026-09-25,266.615
MRVL,2026-09-28,251.9
MRVL,2026-09-29,262.13
MRVL,2026-09-30,260.2
MRVL,2026-10-01,266.805
MRVL,2026-10-02,272.63
MRVL,2026-10-05,271.25
MRVL,2026-10-06,290.0409
MRVL,2026-10-07,282.18
MSFT,2026-09-22,498.0
MSFT,2026-09-24,497.93
MSFT,2026-09-25,516.015
MSFT,2026-09-28,509.22
MSFT,2026-09-29,505.545
MSFT,2026-09-30,517.6
MSFT,2026-10-01,515.2
MSFT,2026-10-02,514.77
MSFT,2026-10-05,525.18
MSFT,2026-10-06,531.398
MSFT,2026-10-07,531.535
NVDA,2026-09-22,228.87
NVDA,2026-09-24,224.58
NVDA,2026-09-25,224.9554
NVDA,2026-09-28,228.86
NVDA,2026-09-29,228.88
NVDA,2026-09-30,230.41
NVDA,2026-10-01,230.54
NVDA,2026-10-02,234.23
NVDA,2026-10-05,238.9
NVDA,2026-10-06,240.1
NVDA,2026-10-07,236.93
PLTR,2026-09-22,184.99
PLTR,2026-09-24,192.59
PLTR,2026-09-25,191.565
PLTR,2026-09-28,187.48
PLTR,2026-09-29,185.57
PLTR,2026-09-30,188.25
PLTR,2026-10-01,189.585
PLTR,2026-10-02,189.16
PLTR,2026-10-05,189.4
PLTR,2026-10-06,192.52
PLTR,2026-10-07,193.8999
TSM,2026-09-22,452.0
TSM,2026-09-24,451.15
TSM,2026-09-25,452.11
TSM,2026-09-28,452.88
TSM,2026-09-29,457.895
TSM,2026-09-30,458.775
TSM,2026-10-01,458.92
TSM,2026-10-02,470.385
TSM,2026-10-05,485.8
TSM,2026-10-06,484.45
TSM,2026-10-07,473.34
