Date,Category,Ticker,EntryPrice,Fwd5D_Ret%,Fwd5D_Status,Fwd10D_Ret%,Fwd10D_Status,Fwd20D_Ret%,Fwd20D_Status,Notes,Fwd5D_vsSPY%,Fwd5D_NextOpenNet%,Fwd10D_vsSPY%,Fwd10D_NextOpenNet%,Fwd20D_vsSPY%,Fwd20D_NextOpenNet%
2026-09-10,Uptrend MA50,AAOI,103.29,-5.06,DOWN,-2.19,DOWN,,,,-5.69,-6.27,-3.42,-3.43,,
2026-09-10,Uptrend MA50,IWM,287.7,-0.79,DOWN,-2.1,DOWN,,,,-1.42,-1.92,-3.33,-3.21,,
2026-09-10,Uptrend MA50,LLY,1123.0,2.62,UP,5.24,UP,,,,1.99,1.94,4.01,4.55,,
2026-09-10,Golden Cross,IGV,101.2,4.53,UP,5.88,UP,,,,3.9,3.71,4.65,5.05,,
2026-09-10,Golden Cross,MSFT,492.44,1.08,UP,1.11,UP,,,,0.45,0.32,-0.12,0.36,,
2026-09-10,Golden Cross,NOW,131.17,5.57,UP,5.04,UP,,,,4.94,6.01,3.81,5.48,,
2026-09-10,Golden Cross,PFE,27.65,-0.04,FLAT,2.75,UP,,,,-0.67,-0.68,1.51,2.09,,
2026-09-10,Golden Cross,PLTR,165.86,6.26,UP,16.12,UP,,,,5.63,4.74,14.88,14.47,,
2026-09-10,Golden Cross,PYPL,53.31,-0.69,DOWN,-1.33,DOWN,,,,-1.32,-0.79,-2.57,-1.43,,
2026-09-10,Golden Cross,SPOT,521.73,1.36,UP,-1.98,DOWN,,,,0.73,0.15,-3.22,-3.16,,
2026-09-10,Golden Cross,TEAM,179.57,7.22,UP,7.26,UP,,,,6.59,7.69,6.03,7.74,,
2026-09-10,Bull Flag Watch,BUG,40.65,11.49,UP,14.76,UP,,,,10.86,10.82,13.53,14.07,,
2026-09-10,Bull Flag Watch,CRWD,208.86,17.64,UP,24.33,UP,,,,17.01,18.01,23.09,24.72,,
2026-09-10,Bull Flag Watch,JPM,353.56,-1.2,DOWN,-4.24,DOWN,,,,-1.83,-2.61,-5.48,-5.61,,
2026-09-10,Bull Flag Watch,LITE,935.7,-4.5,DOWN,-0.71,DOWN,,,,-5.13,-5.6,-1.95,-1.85,,
2026-09-10,Bull Flag Watch,MSFT,492.44,1.08,UP,1.11,UP,,,,0.45,0.32,-0.12,0.36,,
2026-09-10,Bull Flag Watch,NET,311.17,7.32,UP,15.31,UP,,,,6.69,6.65,14.08,14.61,,
2026-09-10,Bull Flag Watch,PLTR,165.86,6.26,UP,16.12,UP,,,,5.63,4.74,14.88,14.47,,
2026-09-10,Bull Flag Watch,SNDK,1692.59,-4.62,DOWN,3.61,UP,,,,-5.25,-5.88,2.37,2.24,,
2026-09-10,Bull Flag Watch,SPOT,521.73,1.36,UP,-1.98,DOWN,,,,0.73,0.15,-3.22,-3.16,,
2026-09-10,Bull Flag Watch,TEAM,179.57,7.22,UP,7.26,UP,,,,6.59,7.69,6.03,7.74,,
2026-09-10,Bull Flag Watch,TSM,428.03,0.52,UP,5.4,UP,,,,-0.11,-0.4,4.17,4.44,,
2026-09-10,Performance: Strong Buy,AAPL,326.57,3.19,UP,2.86,UP,,,,2.56,2.82,1.63,2.49,,
2026-09-10,Performance: Strong Buy,HOOD,113.33,-3.11,DOWN,6.61,UP,,,,-3.74,-3.22,5.38,6.49,,
2026-09-10,Performance: Buy,AMD,503.6,8.24,UP,24.95,UP,,,,7.61,6.63,23.72,23.11,,
2026-09-10,Performance: Buy,ORCL,152.94,-1.54,DOWN,-8.76,DOWN,,,,-2.17,-8.52,-10.0,-15.24,,
2026-09-10,Performance: Buy,SNDK,1692.59,-4.62,DOWN,3.61,UP,,,,-5.25,-5.88,2.37,2.24,,
2026-09-11,Uptrend MA50,IWM,288.89,-1.66,DOWN,-2.4,DOWN,,,,-1.32,-1.28,-3.32,-2.02,,
2026-09-11,Golden Cross,CRM,247.72,-3.96,DOWN,-5.53,DOWN,,,,-3.62,-7.07,-6.45,-8.6,,
2026-09-11,Golden Cross,IGV,101.52,2.79,UP,4.42,UP,,,,3.13,0.65,3.5,2.26,,
2026-09-11,Golden Cross,MSFT,495.63,-0.37,FLAT,4.14,UP,,,,-0.03,-0.76,3.22,3.74,,
2026-09-11,Golden Cross,NOW,132.53,2.22,UP,2.33,UP,,,,2.56,-3.34,1.41,-3.23,,
2026-09-11,Golden Cross,PFE,27.72,-0.22,FLAT,3.43,UP,,,,0.12,-1.6,2.5,2.0,,
2026-09-11,Golden Cross,PLTR,167.23,6.22,UP,13.42,UP,,,,6.57,4.58,12.49,11.67,,
2026-09-11,Golden Cross,PYPL,53.72,-2.44,DOWN,2.46,UP,,,,-2.1,-3.69,1.53,1.15,,
2026-09-11,Golden Cross,SPOT,525.75,-3.1,DOWN,-2.99,DOWN,,,,-2.76,-5.84,-3.92,-5.73,,
2026-09-11,Golden Cross,TEAM,179.7,6.86,UP,4.47,UP,,,,7.2,2.98,3.55,0.68,,
2026-09-11,Bull Flag Watch,CRWD,206.74,14.95,UP,21.96,UP,,,,15.29,8.42,21.03,15.03,,
2026-09-11,Bull Flag Watch,LITE,927.03,0.42,FLAT,1.58,UP,,,,0.76,8.04,0.65,9.28,,
2026-09-11,Bull Flag Watch,MRVL,236.1,3.45,UP,10.94,UP,,,,3.79,13.08,10.02,21.28,,
2026-09-11,Bull Flag Watch,MSFT,495.63,-0.37,FLAT,4.14,UP,,,,-0.03,-0.76,3.22,3.74,,
2026-09-11,Bull Flag Watch,PLTR,167.23,6.22,UP,13.42,UP,,,,6.57,4.58,12.49,11.67,,
2026-09-11,Bull Flag Watch,SNDK,1633.35,9.7,UP,8.84,UP,,,,10.04,17.66,7.92,16.74,,
2026-09-11,Bull Flag Watch,SPOT,525.75,-3.1,DOWN,-2.99,DOWN,,,,-2.76,-5.84,-3.92,-5.73,,
2026-09-11,Bull Flag Watch,ZETA,30.18,0.17,FLAT,-2.42,DOWN,,,,0.51,-1.21,-3.34,-3.76,,
2026-09-11,Breakout Watch (EOD),DELL,567.29,0.14,FLAT,-0.78,DOWN,,,,0.48,5.38,-1.7,4.42,,
2026-09-11,Performance: Strong Buy,AMD,516.13,8.46,UP,22.18,UP,,,,8.81,15.02,21.26,29.58,,
2026-09-11,Performance: Strong Buy,DELL,567.29,0.14,FLAT,-0.78,DOWN,,,,0.48,5.38,-1.7,4.42,,
2026-09-11,Performance: Strong Buy,EWY,188.72,-3.93,DOWN,-0.82,DOWN,,,,-3.59,1.47,-1.74,4.76,,
2026-09-11,Performance: Buy,GLW,166.4,-9.78,DOWN,-5.81,DOWN,,,,-9.44,-0.45,-6.73,3.94,,
2026-09-11,Performance: Buy,LITE,927.03,0.42,FLAT,1.58,UP,,,,0.76,8.04,0.65,9.28,,
2026-09-11,Performance: Buy,NOK,11.13,-4.04,DOWN,-6.65,DOWN,,,,-3.7,6.27,-7.57,3.39,,
2026-09-14,Golden Cross,CRM,259.43,-8.87,DOWN,-12.4,DOWN,,,,-10.53,-8.07,-13.02,-11.63,,
2026-09-14,Golden Cross,IGV,106.64,0.46,FLAT,-1.13,DOWN,,,,-1.2,1.72,-1.76,0.1,,
2026-09-14,Golden Cross,MSFT,505.41,-0.75,DOWN,0.75,UP,,,,-2.41,0.21,0.13,1.73,,
2026-09-14,Golden Cross,NOW,142.35,-3.28,DOWN,-7.66,DOWN,,,,-4.94,-1.16,-8.28,-5.63,,
2026-09-14,Golden Cross,PFE,27.72,0.07,FLAT,3.61,UP,,,,-1.59,0.33,2.99,3.88,,
2026-09-14,Golden Cross,PLTR,173.31,5.64,UP,8.18,UP,,,,3.98,7.28,7.55,9.86,,
2026-09-14,Golden Cross,PYPL,54.03,-2.61,DOWN,0.46,FLAT,,,,-4.27,-2.84,-0.16,0.23,,
2026-09-14,Golden Cross,SPOT,556.31,-7.11,DOWN,-10.57,DOWN,,,,-8.77,-5.96,-11.19,-9.47,,
2026-09-14,Golden Cross,TEAM,192.77,1.5,UP,-7.38,DOWN,,,,-0.15,4.45,-8.0,-4.7,,
2026-09-14,Bull Flag Watch,PLTR,173.31,5.64,UP,8.18,UP,,,,3.98,7.28,7.55,9.86,,
2026-09-14,Bull Flag Watch,SPOT,556.31,-7.11,DOWN,-10.57,DOWN,,,,-8.77,-5.96,-11.19,-9.47,,
2026-09-14,Breakout Watch (EOD),BUG,44.31,3.75,UP,2.46,UP,,,,2.09,4.95,1.84,3.65,,
2026-09-14,Breakout Watch (EOD),CRWD,235.38,5.94,UP,10.14,UP,,,,4.28,6.92,9.52,11.17,,
2026-09-14,Breakout Watch (EOD),HACK,118.56,3.73,UP,0.76,UP,,,,2.07,4.4,0.14,1.41,,
2026-09-14,Breakout Watch (EOD),S,22.61,5.26,UP,0.57,UP,,,,3.6,6.77,-0.05,2.01,,
2026-09-14,Breakout Watch (EOD),ZS,191.73,8.03,UP,4.0,UP,,,,6.37,9.92,3.37,5.81,,
2026-09-14,Performance: Strong Buy,AAPL,333.08,1.77,UP,1.6,UP,,,,0.11,2.58,0.98,2.4,,
2026-09-14,Performance: Strong Buy,AMD,493.41,24.75,UP,23.2,UP,,,,23.09,22.59,22.58,21.06,,
2026-09-14,Performance: Strong Buy,BE,257.05,6.16,UP,2.26,UP,,,,4.5,4.46,1.64,0.62,,
2026-09-14,Performance: Strong Buy,BUG,44.31,3.75,UP,2.46,UP,,,,2.09,4.95,1.84,3.65,,
2026-09-14,Performance: Strong Buy,COIN,191.45,5.01,UP,0.18,FLAT,,,,3.36,9.39,-0.44,4.35,,
2026-09-14,Performance: Strong Buy,CRWD,235.38,5.94,UP,10.14,UP,,,,4.28,6.92,9.52,11.17,,
2026-09-14,Performance: Strong Buy,NET,330.36,6.45,UP,7.15,UP,,,,4.79,9.07,6.53,9.79,,
2026-09-14,Performance: Buy,DELL,534.28,7.68,UP,1.71,UP,,,,6.02,6.13,1.09,0.25,,
2026-09-14,Performance: Buy,HACK,118.56,3.73,UP,0.76,UP,,,,2.07,4.4,0.14,1.41,,
2026-09-14,Performance: Buy,IBM,249.09,-6.89,DOWN,-11.41,DOWN,,,,-8.55,-5.89,-12.03,-10.47,,
2026-09-14,Performance: Buy,IGV,106.64,0.46,FLAT,-1.13,DOWN,,,,-1.2,1.72,-1.76,0.1,,
2026-09-14,Performance: Buy,MRNA,146.69,17.89,UP,34.49,UP,,,,16.24,18.35,33.87,35.02,,
2026-09-14,Performance: Buy,MSFT,505.41,-0.75,DOWN,0.75,UP,,,,-2.41,0.21,0.13,1.73,,
2026-09-14,Performance: Buy,NOW,142.35,-3.28,DOWN,-7.66,DOWN,,,,-4.94,-1.16,-8.28,-5.63,,
2026-09-14,Performance: Buy,SPOT,556.31,-7.11,DOWN,-10.57,DOWN,,,,-8.77,-5.96,-11.19,-9.47,,
2026-09-15,Uptrend MA50,AMZN,248.42,2.64,UP,-0.7,DOWN,,,,0.53,2.67,-1.6,-0.68,,
2026-09-15,Golden Cross,CRM,255.65,-8.75,DOWN,-11.87,DOWN,,,,-10.86,-7.47,-12.77,-10.64,,
2026-09-15,Golden Cross,IGV,105.55,1.14,UP,-0.31,FLAT,,,,-0.97,2.18,-1.21,0.71,,
2026-09-15,Golden Cross,MSFT,497.12,0.18,FLAT,2.38,UP,,,,-1.93,0.91,1.48,3.13,,
2026-09-15,Golden Cross,NOW,141.9,-3.45,DOWN,-8.43,DOWN,,,,-5.56,-1.68,-9.33,-6.75,,
2026-09-15,Golden Cross,PFE,27.55,1.38,UP,4.25,UP,,,,-0.73,0.95,3.35,3.81,,
2026-09-15,Golden Cross,PLTR,172.56,7.2,UP,8.35,UP,,,,5.09,8.47,7.45,9.63,,
2026-09-15,Golden Cross,PYPL,53.81,-1.71,DOWN,0.15,FLAT,,,,-3.82,-1.48,-0.75,0.38,,
2026-09-15,Golden Cross,SPOT,558.26,-10.2,DOWN,-11.57,DOWN,,,,-12.31,-10.57,-12.47,-11.93,,
2026-09-15,Golden Cross,TEAM,189.81,-0.61,DOWN,-7.3,DOWN,,,,-2.72,1.6,-8.2,-5.24,,
2026-09-15,Bull Flag Watch,IGV,105.55,1.14,UP,-0.31,FLAT,,,,-0.97,2.18,-1.21,0.71,,
2026-09-15,Bull Flag Watch,MRVL,221.7,18.34,UP,18.75,UP,,,,16.23,15.61,17.85,16.02,,
2026-09-15,Bull Flag Watch,MSFT,497.12,0.18,FLAT,2.38,UP,,,,-1.93,0.91,1.48,3.13,,
2026-09-15,Bull Flag Watch,PLTR,172.56,7.2,UP,8.35,UP,,,,5.09,8.47,7.45,9.63,,
2026-09-15,Bull Flag Watch,SPOT,558.26,-10.2,DOWN,-11.57,DOWN,,,,-12.31,-10.57,-12.47,-11.93,,
2026-09-15,Breakout Watch (EOD),FPS,31.36,22.83,UP,18.62,UP,,,,20.72,16.13,17.72,12.15,,
2026-09-15,Performance: Strong Buy,AAPL,331.34,2.54,UP,-0.59,DOWN,,,,0.43,2.07,-1.48,-1.04,,
2026-09-15,Performance: Strong Buy,APP,331.46,-0.82,DOWN,-7.78,DOWN,,,,-2.93,-1.55,-8.68,-8.47,,
2026-09-15,Performance: Strong Buy,BUG,45.3,2.05,UP,0.31,FLAT,,,,-0.06,3.28,-0.59,1.51,,
2026-09-15,Performance: Strong Buy,CRWD,242.49,3.12,UP,8.35,UP,,,,1.01,5.45,7.45,10.8,,
2026-09-15,Performance: Strong Buy,DELL,543.51,1.0,UP,-0.72,DOWN,,,,-1.12,-0.95,-1.62,-2.64,,
2026-09-15,Performance: Strong Buy,HACK,120.59,1.15,UP,-0.65,DOWN,,,,-0.96,2.08,-1.55,0.26,,
2026-09-15,Performance: Strong Buy,IBM,248.37,-6.84,DOWN,-11.43,DOWN,,,,-8.95,-3.89,-12.33,-8.63,,
2026-09-15,Performance: Strong Buy,NET,327.23,7.88,UP,7.65,UP,,,,5.76,8.84,6.75,8.62,,
2026-09-15,Performance: Buy,IGV,105.55,1.14,UP,-0.31,FLAT,,,,-0.97,2.18,-1.21,0.71,,
2026-09-15,Performance: Buy,META,670.24,9.9,UP,10.23,UP,,,,7.79,8.24,9.33,8.56,,
2026-09-15,Performance: Buy,NOW,141.9,-3.45,DOWN,-8.43,DOWN,,,,-5.56,-1.68,-9.33,-6.75,,
2026-09-15,Performance: Buy,S,23.48,1.58,UP,-0.72,DOWN,,,,-0.54,3.42,-1.62,1.07,,
2026-09-15,Performance: Buy,TEAM,189.81,-0.61,DOWN,-7.3,DOWN,,,,-2.72,1.6,-8.2,-5.24,,
2026-09-16,Uptrend MA50,AMZN,245.96,1.35,UP,1.3,UP,,,,-0.48,-0.82,0.16,-0.86,,
2026-09-16,Uptrend MA50,PYPL,52.71,-0.38,FLAT,-0.34,FLAT,,,,-2.2,-0.9,-1.48,-0.87,,
2026-09-16,Golden Cross,CRM,250.54,-5.17,DOWN,-8.37,DOWN,,,,-7.0,-2.8,-9.51,-6.08,,
2026-09-16,Golden Cross,MSFT,490.3,2.1,UP,4.61,UP,,,,0.27,0.46,3.47,2.93,,
2026-09-16,Golden Cross,NOW,139.82,0.69,UP,-4.16,DOWN,,,,-1.14,1.13,-5.29,-3.74,,
2026-09-16,Golden Cross,PFE,27.46,2.62,UP,3.86,UP,,,,0.8,1.93,2.72,3.16,,
2026-09-16,Golden Cross,PLTR,174.34,10.01,UP,7.29,UP,,,,8.18,8.9,6.15,6.21,,
2026-09-16,Golden Cross,PYPL,52.71,-0.38,FLAT,-0.34,FLAT,,,,-2.2,-0.9,-1.48,-0.87,,
2026-09-16,Golden Cross,SPOT,547.43,-6.76,DOWN,-10.97,DOWN,,,,-8.59,-7.4,-12.11,-11.58,,
2026-09-16,Golden Cross,TEAM,190.28,2.52,UP,-5.78,DOWN,,,,0.7,3.32,-6.91,-5.05,,
2026-09-16,Golden Cross,ZS,191.58,11.94,UP,4.09,UP,,,,10.11,11.59,2.95,3.76,,
2026-09-16,Bull Flag Watch,IGV,104.96,2.99,UP,1.45,UP,,,,1.17,2.77,0.31,1.23,,
2026-09-16,Bull Flag Watch,MRVL,229.71,13.58,UP,15.02,UP,,,,11.75,8.58,13.88,9.96,,
2026-09-16,Bull Flag Watch,MSFT,490.3,2.1,UP,4.61,UP,,,,0.27,0.46,3.47,2.93,,
2026-09-16,Bull Flag Watch,SNOW,331.02,1.14,UP,2.58,UP,,,,-0.68,0.14,1.44,1.56,,
2026-09-16,Breakout Watch (EOD),FPS,34.84,14.47,UP,7.46,UP,,,,12.64,8.39,6.32,1.75,,
2026-09-16,Performance: Strong Buy,AAPL,332.41,1.39,UP,0.18,FLAT,,,,-0.44,0.57,-0.95,-0.62,,
2026-09-16,Performance: Strong Buy,AMD,512.5,19.92,UP,19.37,UP,,,,18.1,15.08,18.23,14.55,,
2026-09-16,Performance: Strong Buy,BE,270.02,1.91,UP,2.58,UP,,,,0.09,-2.91,1.44,-2.28,,
2026-09-16,Performance: Strong Buy,BUG,44.95,4.83,UP,2.74,UP,,,,3.0,5.43,1.6,3.33,,
2026-09-16,Performance: Strong Buy,CRWD,241.36,8.75,UP,9.69,UP,,,,6.93,11.11,8.55,12.06,,
2026-09-16,Performance: Strong Buy,DELL,563.29,-2.39,DOWN,-4.5,DOWN,,,,-4.21,-3.71,-5.64,-5.79,,
2026-09-16,Performance: Strong Buy,HACK,119.46,3.86,UP,1.49,UP,,,,2.03,4.2,0.35,1.83,,
2026-09-16,Performance: Strong Buy,NET,324.65,8.53,UP,6.97,UP,,,,6.7,9.8,5.83,8.23,,
2026-09-16,Performance: Strong Buy,SPCX,150.88,-1.67,DOWN,-0.01,FLAT,,,,-3.5,-3.64,-1.15,-2.01,,
2026-09-16,Performance: Buy,FPS,34.84,14.47,UP,7.46,UP,,,,12.64,8.39,6.32,1.75,,
2026-09-16,Performance: Buy,NOW,139.82,0.69,UP,-4.16,DOWN,,,,-1.14,1.13,-5.29,-3.74,,
2026-09-16,Performance: Buy,S,23.17,4.01,UP,2.55,UP,,,,2.19,5.83,1.41,4.34,,
2026-09-16,Performance: Buy,TEAM,190.28,2.52,UP,-5.78,DOWN,,,,0.7,3.32,-6.91,-5.05,,
2026-09-17,Golden Cross,CRM,242.85,-1.91,DOWN,-2.54,DOWN,,,,-2.51,-2.57,-2.72,-3.2,,
2026-09-17,Golden Cross,MSFT,497.75,0.04,FLAT,3.02,UP,,,,-0.56,-0.11,2.84,2.88,,
2026-09-17,Golden Cross,NOW,138.47,-0.5,FLAT,-0.51,DOWN,,,,-1.1,-1.48,-0.7,-1.5,,
2026-09-17,Golden Cross,PFE,27.64,2.79,UP,1.74,UP,,,,2.19,2.69,1.55,1.64,,
2026-09-17,Golden Cross,PLTR,176.24,9.28,UP,7.83,UP,,,,8.68,8.6,7.65,7.16,,
2026-09-17,Golden Cross,PYPL,52.94,-0.64,DOWN,0.23,FLAT,,,,-1.24,-0.19,0.04,0.68,,
2026-09-17,Golden Cross,SPOT,528.84,-3.3,DOWN,-7.08,DOWN,,,,-3.9,-3.14,-7.26,-6.93,,
2026-09-17,Golden Cross,TEAM,192.53,0.04,FLAT,-1.36,DOWN,,,,-0.56,-0.54,-1.54,-1.94,,
2026-09-17,Golden Cross,ZS,197.47,8.69,UP,0.66,UP,,,,8.09,7.76,0.48,-0.21,,
2026-09-17,Bull Flag Watch,MU,977.5,10.54,UP,12.26,UP,,,,9.94,9.63,12.08,11.34,,
2026-09-17,Bull Flag Watch,NOW,138.47,-0.5,FLAT,-0.51,DOWN,,,,-1.1,-1.48,-0.7,-1.5,,
2026-09-17,Bull Flag Watch,SNDK,1614.39,8.62,UP,10.73,UP,,,,8.02,7.8,10.55,9.9,,
2026-09-17,Bull Flag Watch,TEAM,192.53,0.04,FLAT,-1.36,DOWN,,,,-0.56,-0.54,-1.54,-1.94,,
2026-09-17,Bull Flag Watch,ZETA,30.37,-2.63,DOWN,6.68,UP,,,,-3.23,-3.94,6.5,5.27,,
2026-09-17,Breakout Watch (EOD),FPS,38.06,2.34,UP,-1.92,DOWN,,,,1.74,-1.49,-2.1,-5.59,,
2026-09-17,Breakout Watch (EOD),OKLO,39.65,-3.43,DOWN,-8.85,DOWN,,,,-4.03,-4.14,-9.03,-9.52,,
2026-09-17,Performance: Strong Buy,AMD,545.09,15.44,UP,12.96,UP,,,,14.84,14.86,12.78,12.39,,
2026-09-17,Performance: Strong Buy,BE,280.76,-5.03,DOWN,-1.13,DOWN,,,,-5.63,-6.31,-1.31,-2.47,,
2026-09-17,Performance: Strong Buy,BUG,45.32,2.93,UP,2.56,UP,,,,2.33,2.09,2.38,1.72,,
2026-09-17,Performance: Strong Buy,CRWD,245.7,5.69,UP,8.3,UP,,,,5.09,5.04,8.12,7.64,,
2026-09-17,Performance: Strong Buy,DELL,588.4,-8.9,DOWN,-7.93,DOWN,,,,-9.5,-9.73,-8.11,-8.77,,
2026-09-17,Performance: Strong Buy,HACK,120.48,1.41,UP,1.07,UP,,,,0.81,0.85,0.89,0.51,,
2026-09-17,Performance: Buy,FPS,38.06,2.34,UP,-1.92,DOWN,,,,1.74,-1.49,-2.1,-5.59,,
2026-09-17,Performance: Buy,INTC,108.8,17.09,UP,10.29,UP,,,,16.49,15.92,10.11,9.19,,
2026-09-17,Performance: Buy,NET,333.94,7.45,UP,5.11,UP,,,,6.85,6.06,4.93,3.75,,
2026-09-17,Performance: Buy,S,23.19,3.41,UP,6.38,UP,,,,2.81,3.57,6.2,6.56,,
2026-09-17,Performance: Buy,TEAM,192.53,0.04,FLAT,-1.36,DOWN,,,,-0.56,-0.54,-1.54,-1.94,,
2026-09-18,Golden Cross,CRM,237.92,-1.64,DOWN,-1.36,DOWN,,,,-2.91,-2.51,-2.4,-2.23,,
2026-09-18,Golden Cross,MSFT,493.78,4.53,UP,4.81,UP,,,,3.27,4.19,3.77,4.46,,
2026-09-18,Golden Cross,NOW,135.47,0.11,FLAT,-0.8,DOWN,,,,-1.16,-0.98,-1.85,-1.88,,
2026-09-18,Golden Cross,PFE,27.66,3.65,UP,0.51,UP,,,,2.38,3.59,-0.54,0.44,,
2026-09-18,Golden Cross,PLTR,177.64,6.77,UP,6.25,UP,,,,5.5,6.02,5.21,5.51,,
2026-09-18,Golden Cross,SPOT,509.45,0.11,FLAT,-7.18,DOWN,,,,-1.16,0.12,-8.22,-7.18,,
2026-09-18,Golden Cross,TEAM,192.02,-2.23,DOWN,-2.15,DOWN,,,,-3.5,-3.56,-3.19,-3.48,,
2026-09-18,Golden Cross,ZS,197.31,-2.16,DOWN,-0.36,FLAT,,,,-3.43,-2.1,-1.4,-0.29,,
2026-09-18,Bull Flag Watch,NBIS,223.54,6.17,UP,8.62,UP,,,,4.9,4.93,7.58,7.36,,
2026-09-18,Breakout Watch (EOD),AMAT,444.57,9.09,UP,21.47,UP,,,,7.83,6.27,20.43,18.34,,
2026-09-18,Breakout Watch (EOD),COIN,194.25,0.44,FLAT,-5.79,DOWN,,,,-0.83,-5.01,-6.84,-10.91,,
2026-09-18,Breakout Watch (EOD),CRCL,91.78,-3.03,DOWN,-11.47,DOWN,,,,-4.3,-9.37,-12.52,-17.27,,
2026-09-18,Breakout Watch (EOD),ONTO,263.43,9.19,UP,24.42,UP,,,,7.92,5.65,23.38,20.4,,
2026-09-18,Breakout Watch (EOD),STX,858.79,6.76,UP,-1.14,DOWN,,,,5.49,2.42,-2.18,-5.16,,
2026-09-18,Performance: Strong Buy,AAPL,336.13,1.47,UP,-0.73,DOWN,,,,0.2,1.63,-1.77,-0.57,,
2026-09-18,Performance: Strong Buy,AMD,559.82,12.65,UP,13.23,UP,,,,11.38,7.91,12.19,8.47,,
2026-09-18,Performance: Strong Buy,ARM,275.61,12.59,UP,11.57,UP,,,,11.33,5.32,10.52,4.36,,
2026-09-18,Performance: Strong Buy,BE,265.63,8.69,UP,8.85,UP,,,,7.42,6.83,7.81,6.99,,
2026-09-18,Performance: Strong Buy,COIN,194.25,0.44,FLAT,-5.79,DOWN,,,,-0.83,-5.01,-6.84,-10.91,,
2026-09-18,Performance: Strong Buy,CRWD,237.65,6.09,UP,13.63,UP,,,,4.82,8.76,12.59,16.49,,
2026-09-18,Performance: Buy,BUG,44.34,0.83,UP,5.82,UP,,,,-0.43,0.03,4.77,4.98,,
2026-09-18,Performance: Buy,CIFR,18.34,-3.33,DOWN,-14.34,DOWN,,,,-4.59,-5.11,-15.38,-15.93,,
2026-09-18,Performance: Buy,COHR,317.36,-6.78,DOWN,6.2,UP,,,,-8.05,-9.49,5.16,3.13,,
2026-09-18,Performance: Buy,FPS,39.44,-1.19,DOWN,2.31,UP,,,,-2.46,-2.75,1.26,0.7,,
2026-09-18,Performance: Buy,HACK,118.67,-0.27,FLAT,3.72,UP,,,,-1.54,-0.65,2.67,3.33,,
2026-09-18,Performance: Buy,HOOD,119.82,-0.35,FLAT,-5.91,DOWN,,,,-1.62,-4.61,-6.95,-9.94,,
2026-09-18,Performance: Buy,MRNA,154.04,29.11,UP,23.35,UP,,,,27.84,23.39,22.31,17.88,,
2026-09-18,Performance: Buy,MU,1015.8,6.54,UP,5.82,UP,,,,5.28,3.47,4.77,2.76,,
2026-09-18,Performance: Buy,NET,323.6,7.86,UP,7.87,UP,,,,6.59,6.63,6.83,6.65,,
2026-09-18,Performance: Buy,QCOM,177.72,13.65,UP,4.02,UP,,,,12.38,11.73,2.98,2.26,,
2026-09-18,Performance: Buy,SPCX,152.71,-2.64,DOWN,4.09,UP,,,,-3.91,-4.03,3.05,2.61,,
2026-09-21,Golden Cross,CRM,236.42,-3.87,DOWN,-2.79,DOWN,,,,-2.85,-5.99,-2.97,-4.93,,
2026-09-21,Golden Cross,MSFT,501.61,1.52,UP,4.76,UP,,,,2.54,0.27,4.57,3.48,,
2026-09-21,Golden Cross,NOW,137.68,-4.52,DOWN,-1.13,DOWN,,,,-3.5,-7.42,-1.32,-4.13,,
2026-09-21,Golden Cross,PFE,27.74,3.53,UP,-1.19,DOWN,,,,4.55,3.43,-1.38,-1.29,,
2026-09-21,Golden Cross,PLTR,183.09,2.4,UP,3.46,UP,,,,3.42,1.17,3.28,2.23,,
2026-09-21,Golden Cross,SPOT,516.77,-3.73,DOWN,-6.53,DOWN,,,,-2.71,-4.5,-6.72,-7.28,,
2026-09-21,Golden Cross,TEAM,195.67,-8.75,DOWN,0.54,UP,,,,-7.73,-10.83,0.36,-1.74,,
2026-09-21,Golden Cross,ZS,207.13,-3.74,DOWN,-2.51,DOWN,,,,-2.72,-5.16,-2.69,-3.94,,
2026-09-21,Bull Flag Watch,GLW,158.98,-4.65,DOWN,0.23,FLAT,,,,-3.63,-3.69,0.05,1.25,,
2026-09-21,Bull Flag Watch,IGV,107.13,-1.59,DOWN,2.48,UP,,,,-0.57,-2.74,2.3,1.29,,
2026-09-21,Bull Flag Watch,NVDA,227.38,0.65,UP,5.16,UP,,,,1.67,0.79,4.97,5.3,,
2026-09-21,Breakout Watch (EOD),AMD,615.52,-1.24,DOWN,2.66,UP,,,,-0.22,0.11,2.48,4.08,,
2026-09-21,Breakout Watch (EOD),ARM,322.9,-12.25,DOWN,-6.15,DOWN,,,,-11.23,-11.4,-6.34,-5.23,,
2026-09-21,Breakout Watch (EOD),CRWV,85.43,-0.42,FLAT,2.33,UP,,,,0.6,-0.85,2.14,1.9,,
2026-09-21,Breakout Watch (EOD),INTC,121.78,-4.72,DOWN,-4.52,DOWN,,,,-3.7,-3.53,-4.7,-3.32,,
2026-09-21,Breakout Watch (EOD),META,741.25,-3.46,DOWN,0.13,FLAT,,,,-2.44,-2.26,-0.06,1.38,,
2026-09-21,Performance: Strong Buy,ALAB,340.74,3.1,UP,6.38,UP,,,,4.12,4.77,6.19,8.1,,
2026-09-21,Performance: Strong Buy,AMD,615.52,-1.24,DOWN,2.66,UP,,,,-0.22,0.11,2.48,4.08,,
2026-09-21,Performance: Strong Buy,ARM,322.9,-12.25,DOWN,-6.15,DOWN,,,,-11.23,-11.4,-6.34,-5.23,,
2026-09-21,Performance: Strong Buy,AXTI,79.93,-7.83,DOWN,8.49,UP,,,,-6.81,-3.98,8.31,13.05,,
2026-09-21,Performance: Strong Buy,INTC,121.78,-4.72,DOWN,-4.52,DOWN,,,,-3.7,-3.53,-4.7,-3.32,,
2026-09-21,Performance: Strong Buy,META,741.25,-3.46,DOWN,0.13,FLAT,,,,-2.44,-2.26,-0.06,1.38,,
2026-09-21,Performance: Buy,CIFR,18.9,-11.43,DOWN,-17.94,DOWN,,,,-10.41,-9.66,-18.12,-16.31,,
2026-09-21,Performance: Buy,COHR,321.52,-12.15,DOWN,3.8,UP,,,,-11.13,-9.07,3.61,7.45,,
2026-09-21,Performance: Buy,CRWD,249.35,3.97,UP,9.39,UP,,,,4.99,4.35,9.2,9.79,,
2026-09-21,Performance: Buy,DRAM,61.58,-3.05,DOWN,0.08,FLAT,,,,-2.03,-1.93,-0.1,1.25,,
2026-09-21,Performance: Buy,LITE,954.49,-3.48,DOWN,14.47,UP,,,,-2.46,-1.79,14.28,16.49,,
2026-09-21,Performance: Buy,MRNA,172.94,14.07,UP,17.5,UP,,,,15.09,16.98,17.32,20.5,,
2026-09-21,Performance: Buy,MU,1043.96,0.96,UP,1.9,UP,,,,1.98,1.95,1.71,2.89,,
2026-09-21,Performance: Buy,NET,351.67,0.66,UP,2.26,UP,,,,1.68,0.33,2.08,1.93,,
2026-09-21,Performance: Buy,NOK,10.94,-7.5,DOWN,-6.67,DOWN,,,,-6.48,-4.27,-6.86,-3.41,,
2026-09-21,Performance: Buy,S,23.8,-4.45,DOWN,6.85,UP,,,,-3.43,-6.02,6.66,5.11,,
2026-09-22,Uptrend MA50,JPM,340.0,-1.48,DOWN,,,,,,-0.29,-0.88,,,,
2026-09-22,Golden Cross,CRM,233.28,-3.42,DOWN,,,,,,-2.23,-3.99,,,,
2026-09-22,Golden Cross,MSFT,498.0,2.2,UP,,,,,,3.39,1.54,,,,
2026-09-22,Golden Cross,NOW,137.0,-5.15,DOWN,,,,,,-3.97,-5.41,,,,
2026-09-22,Golden Cross,PFE,27.93,2.83,UP,,,,,,4.02,2.62,,,,
2026-09-22,Golden Cross,PLTR,184.99,1.07,UP,,,,,,2.26,0.27,,,,
2026-09-22,Golden Cross,QCOM,198.27,-7.15,DOWN,,,,,,-5.96,-7.87,,,,
2026-09-22,Golden Cross,SPOT,501.3,-1.52,DOWN,,,,,,-0.34,-1.61,,,,
2026-09-22,Golden Cross,TEAM,188.65,-6.73,DOWN,,,,,,-5.54,-7.5,,,,
2026-09-22,Golden Cross,ZS,210.18,-5.63,DOWN,,,,,,-4.44,-6.98,,,,
2026-09-22,Bull Flag Watch,GLW,159.69,-0.61,DOWN,,,,,,0.57,-1.01,,,,
2026-09-22,Bull Flag Watch,IGV,106.75,-1.43,DOWN,,,,,,-0.25,-1.82,,,,
2026-09-22,Performance: Strong Buy,ALAB,363.46,-1.55,DOWN,,,,,,-0.36,-1.88,,,,
2026-09-22,Performance: Strong Buy,AMD,623.77,-2.6,DOWN,,,,,,-1.41,-2.34,,,,
2026-09-22,Performance: Strong Buy,ARM,333.2,-11.86,DOWN,,,,,,-10.68,-11.59,,,,
2026-09-22,Performance: Strong Buy,BB,8.62,1.16,UP,,,,,,2.35,1.3,,,,
2026-09-22,Performance: Strong Buy,INTC,123.86,-6.4,DOWN,,,,,,-5.22,-6.51,,,,
2026-09-22,Performance: Buy,COHR,310.39,-5.86,DOWN,,,,,,-4.67,-6.48,,,,
2026-09-22,Performance: Buy,LITE,945.67,2.94,UP,,,,,,4.13,2.75,,,,
2026-09-22,Performance: Buy,MRNA,182.56,11.45,UP,,,,,,12.64,10.83,,,,
2026-09-23,Golden Cross,CRM,237.58,-3.37,DOWN,,,,,,-2.7,-4.7,,,,
2026-09-23,Golden Cross,MSFT,500.59,2.46,UP,,,,,,3.13,3.5,,,,
2026-09-23,Golden Cross,NOW,140.78,-4.81,DOWN,,,,,,-4.13,-4.31,,,,
2026-09-23,Golden Cross,PFE,28.18,1.21,UP,,,,,,1.88,1.03,,,,
2026-09-23,Golden Cross,PLTR,191.79,-2.47,DOWN,,,,,,-1.8,-1.24,,,,
2026-09-23,Golden Cross,QCOM,197.24,-6.69,DOWN,,,,,,-6.02,-6.48,,,,
2026-09-23,Golden Cross,SPOT,510.4,-4.51,DOWN,,,,,,-3.84,-3.59,,,,
2026-09-23,Golden Cross,ZS,214.45,-7.01,DOWN,,,,,,-6.33,-6.68,,,,
2026-09-23,Bull Flag Watch,GLW,154.48,-0.47,FLAT,,,,,,0.21,2.06,,,,
2026-09-23,Bull Flag Watch,NBIS,226.61,4.09,UP,,,,,,4.77,1.64,,,,
2026-09-23,Bull Flag Watch,NVDA,225.51,1.27,UP,,,,,,1.95,2.74,,,,
2026-09-23,Performance: Strong Buy,ALAB,360.46,-1.25,DOWN,,,,,,-0.57,1.49,,,,
2026-09-23,Performance: Strong Buy,ARM,332.56,-12.9,DOWN,,,,,,-12.23,-9.36,,,,
2026-09-23,Performance: Strong Buy,META,744.1,-2.54,DOWN,,,,,,-1.87,-2.68,,,,
2026-09-23,Performance: Buy,DRAM,61.9,-2.49,DOWN,,,,,,-1.81,-0.97,,,,
2026-09-23,Performance: Buy,HOOD,122.7,-8.31,DOWN,,,,,,-7.64,-5.96,,,,
2026-09-23,Performance: Buy,MRNA,182.11,5.74,UP,,,,,,6.42,6.53,,,,
2026-09-23,Performance: Buy,MU,1071.88,-0.63,DOWN,,,,,,0.04,1.36,,,,
2026-09-24,Golden Cross,CRM,238.22,-0.64,DOWN,,,,,,-0.23,-0.24,,,,
2026-09-24,Golden Cross,META,777.59,-6.64,DOWN,,,,,,-6.23,-5.68,,,,
2026-09-24,Golden Cross,MSFT,497.93,2.99,UP,,,,,,3.4,2.66,,,,
2026-09-24,Golden Cross,NOW,137.78,-0.01,FLAT,,,,,,0.4,0.27,,,,
2026-09-24,Golden Cross,PFE,28.41,-1.02,DOWN,,,,,,-0.6,-1.26,,,,
2026-09-24,Golden Cross,PLTR,192.59,-1.32,DOWN,,,,,,-0.91,-1.49,,,,
2026-09-24,Golden Cross,QCOM,194.26,-6.26,DOWN,,,,,,-5.85,-6.73,,,,
2026-09-24,Golden Cross,SPOT,511.38,-3.91,DOWN,,,,,,-3.49,-3.7,,,,
2026-09-24,Golden Cross,ZS,214.64,-7.39,DOWN,,,,,,-6.97,-3.6,,,,
2026-09-24,Bull Flag Watch,GLW,154.15,4.07,UP,,,,,,4.48,2.73,,,,
2026-09-24,Bull Flag Watch,HOOD,120.82,-8.0,DOWN,,,,,,-7.59,-8.72,,,,
2026-09-24,Bull Flag Watch,IGV,107.15,1.01,UP,,,,,,1.42,0.58,,,,
2026-09-24,Bull Flag Watch,NVDA,224.58,2.8,UP,,,,,,3.21,2.45,,,,
2026-09-24,Performance: Strong Buy,ALAB,360.51,-1.13,DOWN,,,,,,-0.72,-2.72,,,,
2026-09-24,Performance: Strong Buy,AMD,629.26,-2.15,DOWN,,,,,,-1.73,-3.06,,,,
2026-09-24,Performance: Strong Buy,ARM,306.34,-4.57,DOWN,,,,,,-4.15,-8.31,,,,
2026-09-24,Performance: Strong Buy,BB,8.73,5.15,UP,,,,,,5.57,4.81,,,,
2026-09-24,Performance: Strong Buy,INTC,127.39,-5.8,DOWN,,,,,,-5.39,-5.49,,,,
2026-09-24,Performance: Buy,META,777.59,-6.64,DOWN,,,,,,-6.23,-5.68,,,,
2026-09-24,Performance: Buy,MRNA,194.82,-3.02,DOWN,,,,,,-2.6,-3.38,,,,
2026-09-24,Performance: Buy,MU,1080.53,1.56,UP,,,,,,1.98,0.04,,,,
2026-09-24,Performance: Buy,NBIS,243.48,-4.6,DOWN,,,,,,-4.18,-5.52,,,,
2026-09-24,Performance: Buy,OUST,41.37,-1.21,DOWN,,,,,,-0.79,-2.7,,,,
2026-09-24,Performance: Buy,PLTR,192.59,-1.32,DOWN,,,,,,-0.91,-1.49,,,,
2026-09-25,Golden Cross,CRM,234.02,0.29,FLAT,,,,,,0.51,4.22,,,,
2026-09-25,Golden Cross,META,751.66,-3.14,DOWN,,,,,,-2.92,-3.03,,,,
2026-09-25,Golden Cross,MSFT,516.17,0.26,FLAT,,,,,,0.49,2.29,,,,
2026-09-25,Golden Cross,NOW,135.62,-0.91,DOWN,,,,,,-0.69,3.43,,,,
2026-09-25,Golden Cross,PFE,28.67,-3.03,DOWN,,,,,,-2.81,-2.97,,,,
2026-09-25,Golden Cross,PLTR,189.67,-0.49,FLAT,,,,,,-0.26,1.25,,,,
2026-09-25,Golden Cross,QCOM,201.97,-8.47,DOWN,,,,,,-8.24,-7.28,,,,
2026-09-25,Golden Cross,SPOT,510.01,-7.28,DOWN,,,,,,-7.06,-6.83,,,,
2026-09-25,Golden Cross,ZS,193.05,1.84,UP,,,,,,2.06,3.98,,,,
2026-09-25,Bull Flag Watch,GLW,156.74,4.75,UP,,,,,,4.97,6.34,,,,
2026-09-25,Bull Flag Watch,HOOD,119.4,-5.58,DOWN,,,,,,-5.36,-4.58,,,,
2026-09-25,Bull Flag Watch,IGV,106.01,2.28,UP,,,,,,2.5,4.43,,,,
2026-09-25,Bull Flag Watch,NOW,135.62,-0.91,DOWN,,,,,,-0.69,3.43,,,,
2026-09-25,Bull Flag Watch,NVDA,225.07,3.95,UP,,,,,,4.17,1.73,,,,
2026-09-25,Bull Flag Watch,SNOW,335.94,1.52,UP,,,,,,1.74,6.47,,,,
2026-09-25,Bull Flag Watch,TEAM,187.74,0.08,FLAT,,,,,,0.3,3.07,,,,
2026-09-25,Performance: Strong Buy,AEHR,104.39,2.7,UP,,,,,,2.92,5.58,,,,
2026-09-25,Performance: Strong Buy,ALAB,364.62,-3.92,DOWN,,,,,,-3.7,-1.78,,,,
2026-09-25,Performance: Strong Buy,ARM,310.32,-0.91,DOWN,,,,,,-0.69,0.44,,,,
2026-09-25,Performance: Strong Buy,AXTI,78.94,8.78,UP,,,,,,9.0,12.1,,,,
2026-09-25,Performance: Strong Buy,BE,288.7,0.16,FLAT,,,,,,0.38,2.25,,,,
2026-09-25,Performance: Strong Buy,MRNA,198.88,-4.46,DOWN,,,,,,-4.24,-2.74,,,,
2026-09-25,Performance: Buy,META,751.66,-3.14,DOWN,,,,,,-2.92,-3.03,,,,
2026-09-25,Performance: Buy,MSFT,516.17,0.26,FLAT,,,,,,0.49,2.29,,,,
2026-09-25,Performance: Buy,MU,1082.28,-0.68,DOWN,,,,,,-0.46,-0.2,,,,
2026-09-25,Performance: Buy,OUST,43.72,1.53,UP,,,,,,1.75,1.39,,,,
2026-09-28,Golden Cross,ADBE,231.01,3.38,UP,,,,,,2.16,3.29,,,,
2026-09-28,Golden Cross,CRM,227.27,1.13,UP,,,,,,-0.09,1.03,,,,
2026-09-28,Golden Cross,META,715.62,3.71,UP,,,,,,2.49,2.27,,,,
2026-09-28,Golden Cross,MSFT,509.22,3.2,UP,,,,,,1.98,3.28,,,,
2026-09-28,Golden Cross,NOW,131.45,3.55,UP,,,,,,2.33,3.94,,,,
2026-09-28,Golden Cross,PFE,28.72,-4.56,DOWN,,,,,,-5.78,-4.26,,,,
2026-09-28,Golden Cross,PLTR,187.48,1.04,UP,,,,,,-0.18,1.02,,,,
2026-09-28,Golden Cross,QCOM,187.48,-3.54,DOWN,,,,,,-4.76,-4.66,,,,
2026-09-28,Golden Cross,SPOT,497.51,-2.91,DOWN,,,,,,-4.13,-3.45,,,,
2026-09-28,Golden Cross,ZS,199.39,1.28,UP,,,,,,0.06,1.88,,,,
2026-09-28,Bull Flag Watch,AXTI,73.67,17.71,UP,,,,,,16.5,13.05,,,,
2026-09-28,Bull Flag Watch,BE,262.87,9.06,UP,,,,,,7.84,4.98,,,,
2026-09-28,Bull Flag Watch,HOOD,116.46,-1.99,DOWN,,,,,,-3.21,-4.05,,,,
2026-09-28,Bull Flag Watch,IGV,105.43,4.14,UP,,,,,,2.92,4.64,,,,
2026-09-28,Bull Flag Watch,NOW,131.45,3.55,UP,,,,,,2.33,3.94,,,,
2026-09-28,Bull Flag Watch,QCOM,187.48,-3.54,DOWN,,,,,,-4.76,-4.66,,,,
2026-09-28,Bull Flag Watch,SNDK,1712.89,-0.51,DOWN,,,,,,-1.73,-2.39,,,,
2026-09-28,Bull Flag Watch,TEAM,178.54,10.19,UP,,,,,,8.97,10.59,,,,
2026-09-28,Breakout Watch (EOD),BB,8.8,3.3,UP,,,,,,2.08,2.5,,,,
2026-09-28,Performance: Strong Buy,AEHR,98.49,6.07,UP,,,,,,4.85,2.37,,,,
2026-09-28,Performance: Strong Buy,ALAB,351.31,3.18,UP,,,,,,1.96,2.82,,,,
2026-09-28,Performance: Strong Buy,BB,8.8,3.3,UP,,,,,,2.08,2.5,,,,
2026-09-28,Performance: Strong Buy,CRWD,259.25,5.21,UP,,,,,,3.99,5.95,,,,
2026-09-28,Performance: Strong Buy,MRNA,197.28,3.01,UP,,,,,,1.79,2.65,,,,
2026-09-28,Performance: Buy,MU,1053.98,0.93,UP,,,,,,-0.29,-1.3,,,,
2026-09-28,Performance: Buy,OUST,40.9,7.97,UP,,,,,,6.75,4.97,,,,
2026-09-28,Performance: Buy,SMH,600.01,5.68,UP,,,,,,4.46,4.02,,,,
2026-09-28,Performance: Buy,STX,921.51,-3.76,DOWN,,,,,,-4.98,-6.1,,,,
2026-09-28,Performance: Buy,VIAV,40.87,15.1,UP,,,,,,13.88,11.9,,,,
2026-09-29,Golden Cross,ADBE,233.17,,,,,,,,,,,,,
2026-09-29,Golden Cross,CRM,225.31,,,,,,,,,,,,,
2026-09-29,Golden Cross,META,738.79,,,,,,,,,,,,,
2026-09-29,Golden Cross,NOW,129.94,,,,,,,,,,,,,
2026-09-29,Golden Cross,PFE,28.72,,,,,,,,,,,,,
2026-09-29,Golden Cross,PLTR,186.97,,,,,,,,,,,,,
2026-09-29,Golden Cross,QCOM,184.1,,,,,,,,,,,,,
2026-09-29,Golden Cross,SPOT,493.66,,,,,,,,,,,,,
2026-09-29,Golden Cross,ZS,198.35,,,,,,,,,,,,,
2026-09-29,Bull Flag Watch,AXTI,78.18,,,,,,,,,,,,,
2026-09-29,Bull Flag Watch,BE,291.25,,,,,,,,,,,,,
2026-09-29,Bull Flag Watch,DELL,539.59,,,,,,,,,,,,,
2026-09-29,Bull Flag Watch,GLW,158.71,,,,,,,,,,,,,
2026-09-29,Bull Flag Watch,HOOD,116.22,,,,,,,,,,,,,
2026-09-29,Bull Flag Watch,IGV,105.22,,,,,,,,,,,,,
2026-09-29,Bull Flag Watch,NOK,10.36,,,,,,,,,,,,,
2026-09-29,Bull Flag Watch,NOW,129.94,,,,,,,,,,,,,
2026-09-29,Bull Flag Watch,NVDA,227.21,,,,,,,,,,,,,
2026-09-29,Bull Flag Watch,QCOM,184.1,,,,,,,,,,,,,
2026-09-29,Bull Flag Watch,SNDK,1729.76,,,,,,,,,,,,,
2026-09-29,Bull Flag Watch,TEAM,175.96,,,,,,,,,,,,,
2026-09-29,Bull Flag Watch,VIAV,41.82,,,,,,,,,,,,,
2026-09-29,Performance: Strong Buy,AEHR,100.78,,,,,,,,,,,,,
2026-09-29,Performance: Strong Buy,AMAT,512.01,,,,,,,,,,,,,
2026-09-29,Performance: Strong Buy,ASML,1834.39,,,,,,,,,,,,,
2026-09-29,Performance: Strong Buy,AXTI,78.18,,,,,,,,,,,,,
2026-09-29,Performance: Strong Buy,BE,291.25,,,,,,,,,,,,,
2026-09-29,Performance: Strong Buy,META,738.79,,,,,,,,,,,,,
2026-09-29,Performance: Strong Buy,MRNA,203.46,,,,,,,,,,,,,
2026-09-29,Performance: Strong Buy,MRVL,263.27,,,,,,,,,,,,,
2026-09-29,Performance: Buy,JCI,149.42,,,,,,,,,,,,,
2026-09-29,Performance: Buy,KLAC,196.53,,,,,,,,,,,,,
2026-09-29,Performance: Buy,ONTO,304.69,,,,,,,,,,,,,
2026-09-29,Performance: Buy,OUST,40.0,,,,,,,,,,,,,
2026-09-29,Performance: Buy,VIAV,41.82,,,,,,,,,,,,,
2026-09-30,Golden Cross,ADBE,239.94,,,,,,,,,,,,,
2026-09-30,Golden Cross,CRM,229.57,,,,,,,,,,,,,
2026-09-30,Golden Cross,META,725.18,,,,,,,,,,,,,
2026-09-30,Golden Cross,NOW,134.01,,,,,,,,,,,,,
2026-09-30,Golden Cross,PFE,28.52,,,,,,,,,,,,,
2026-09-30,Golden Cross,PLTR,187.05,,,,,,,,,,,,,
2026-09-30,Golden Cross,QCOM,184.04,,,,,,,,,,,,,
2026-09-30,Golden Cross,SPOT,487.38,,,,,,,,,,,,,
2026-09-30,Golden Cross,ZS,199.42,,,,,,,,,,,,,
2026-09-30,Bull Flag Watch,AAPL,333.02,,,,,,,,,,,,,
2026-09-30,Bull Flag Watch,AEHR,99.62,,,,,,,,,,,,,
2026-09-30,Bull Flag Watch,DELL,537.95,,,,,,,,,,,,,
2026-09-30,Bull Flag Watch,GLW,153.76,,,,,,,,,,,,,
2026-09-30,Bull Flag Watch,GOOGL,344.08,,,,,,,,,,,,,
2026-09-30,Bull Flag Watch,HOOD,112.5,,,,,,,,,,,,,
2026-09-30,Bull Flag Watch,NOK,10.14,,,,,,,,,,,,,
2026-09-30,Bull Flag Watch,NOW,134.01,,,,,,,,,,,,,
2026-09-30,Bull Flag Watch,QCOM,184.04,,,,,,,,,,,,,
2026-09-30,Bull Flag Watch,SNDK,1739.89,,,,,,,,,,,,,
2026-09-30,Bull Flag Watch,SNOW,339.56,,,,,,,,,,,,,
2026-09-30,Bull Flag Watch,TEAM,179.29,,,,,,,,,,,,,
2026-09-30,Breakout Watch (EOD),ZETA,31.57,,,,,,,,,,,,,
2026-09-30,Performance: Strong Buy,AEHR,99.62,,,,,,,,,,,,,
2026-09-30,Performance: Strong Buy,ASML,1811.67,,,,,,,,,,,,,
2026-09-30,Performance: Strong Buy,AXTI,77.41,,,,,,,,,,,,,
2026-09-30,Performance: Strong Buy,BE,276.98,,,,,,,,,,,,,
2026-09-30,Performance: Strong Buy,CAMT,155.25,,,,,,,,,,,,,
2026-09-30,Performance: Buy,LITE,971.26,,,,,,,,,,,,,
2026-09-30,Performance: Buy,MRNA,192.57,,,,,,,,,,,,,
2026-09-30,Performance: Buy,MSFT,512.9,,,,,,,,,,,,,
2026-09-30,Performance: Buy,NBIS,235.88,,,,,,,,,,,,,
2026-09-30,Performance: Buy,ONTO,307.82,,,,,,,,,,,,,
2026-09-30,Performance: Buy,OUST,40.34,,,,,,,,,,,,,
2026-10-01,Golden Cross,ADBE,241.28,,,,,,,,,,,,,
2026-10-01,Golden Cross,CRM,236.69,,,,,,,,,,,,,
2026-10-01,Golden Cross,META,725.93,,,,,,,,,,,,,
2026-10-01,Golden Cross,NOW,137.76,,,,,,,,,,,,,
2026-10-01,Golden Cross,PFE,28.12,,,,,,,,,,,,,
2026-10-01,Golden Cross,PLTR,190.04,,,,,,,,,,,,,
2026-10-01,Golden Cross,QCOM,182.09,,,,,,,,,,,,,
2026-10-01,Golden Cross,SPOT,491.4,,,,,,,,,,,,,
2026-10-01,Golden Cross,ZS,198.78,,,,,,,,,,,,,
2026-10-01,Bull Flag Watch,AAPL,330.32,,,,,,,,,,,,,
2026-10-01,Bull Flag Watch,AEHR,101.6,,,,,,,,,,,,,
2026-10-01,Bull Flag Watch,BE,277.58,,,,,,,,,,,,,
2026-10-01,Bull Flag Watch,CRM,236.69,,,,,,,,,,,,,
2026-10-01,Bull Flag Watch,DELL,541.74,,,,,,,,,,,,,
2026-10-01,Bull Flag Watch,GLW,160.42,,,,,,,,,,,,,
2026-10-01,Bull Flag Watch,NOK,10.37,,,,,,,,,,,,,
2026-10-01,Bull Flag Watch,NOW,137.76,,,,,,,,,,,,,
2026-10-01,Bull Flag Watch,QCOM,182.09,,,,,,,,,,,,,
2026-10-01,Bull Flag Watch,SNDK,1787.69,,,,,,,,,,,,,
2026-10-01,Breakout Watch (EOD),COHR,319.19,,,,,,,,,,,,,
2026-10-01,Breakout Watch (EOD),FOTO,19.24,,,,,,,,,,,,,
2026-10-01,Performance: Strong Buy,AEHR,101.6,,,,,,,,,,,,,
2026-10-01,Performance: Strong Buy,AXTI,81.81,,,,,,,,,,,,,
2026-10-01,Performance: Strong Buy,FOTO,19.24,,,,,,,,,,,,,
2026-10-01,Performance: Strong Buy,LITE,1045.78,,,,,,,,,,,,,
2026-10-01,Performance: Buy,COHR,319.19,,,,,,,,,,,,,
2026-10-01,Performance: Buy,GEV,987.45,,,,,,,,,,,,,
2026-10-01,Performance: Buy,JCI,151.77,,,,,,,,,,,,,
2026-10-01,Performance: Buy,MRVL,268.08,,,,,,,,,,,,,
2026-10-01,Performance: Buy,ONTO,314.88,,,,,,,,,,,,,
2026-10-01,Performance: Buy,SNDK,1787.69,,,,,,,,,,,,,
2026-10-01,Performance: Buy,VIAV,44.78,,,,,,,,,,,,,
2026-10-01,Performance: Buy,ZETA,32.4,,,,,,,,,,,,,
2026-10-02,Golden Cross,ADBE,237.69,,,,,,,,,,,,,
2026-10-02,Golden Cross,CRM,234.69,,,,,,,,,,,,,
2026-10-02,Golden Cross,META,728.08,,,,,,,,,,,,,
2026-10-02,Golden Cross,NOW,134.38,,,,,,,,,,,,,
2026-10-02,Golden Cross,PFE,27.8,,,,,,,,,,,,,
2026-10-02,Golden Cross,PLTR,188.75,,,,,,,,,,,,,
2026-10-02,Golden Cross,QCOM,184.87,,,,,,,,,,,,,
2026-10-02,Golden Cross,SPOT,472.89,,,,,,,,,,,,,
2026-10-02,Golden Cross,ZS,196.6,,,,,,,,,,,,,
2026-10-02,Bull Flag Watch,AAPL,333.69,,,,,,,,,,,,,
2026-10-02,Bull Flag Watch,BE,289.15,,,,,,,,,,,,,
2026-10-02,Bull Flag Watch,DELL,562.52,,,,,,,,,,,,,
2026-10-02,Bull Flag Watch,QCOM,184.87,,,,,,,,,,,,,
2026-10-02,Bull Flag Watch,SNOW,341.04,,,,,,,,,,,,,
2026-10-02,Bull Flag Watch,ZS,196.6,,,,,,,,,,,,,
2026-10-02,Breakout Watch (EOD),PENG,61.36,,,,,,,,,,,,,
2026-10-02,Performance: Strong Buy,BUG,46.92,,,,,,,,,,,,,
2026-10-02,Performance: Strong Buy,HACK,123.08,,,,,,,,,,,,,
2026-10-02,Performance: Buy,LITE,1085.42,,,,,,,,,,,,,
2026-10-02,Performance: Buy,PENG,61.36,,,,,,,,,,,,,
2026-10-02,Performance: Buy,S,25.06,,,,,,,,,,,,,
2026-10-05,Golden Cross,ADBE,238.81,,,,,,,,,,,,,
2026-10-05,Golden Cross,CRM,229.83,,,,,,,,,,,,,
2026-10-05,Golden Cross,META,742.19,,,,,,,,,,,,,
2026-10-05,Golden Cross,NOW,136.12,,,,,,,,,,,,,
2026-10-05,Golden Cross,PFE,27.41,,,,,,,,,,,,,
2026-10-05,Golden Cross,PLTR,189.43,,,,,,,,,,,,,
2026-10-05,Golden Cross,QCOM,180.84,,,,,,,,,,,,,
2026-10-05,Golden Cross,SPOT,483.01,,,,,,,,,,,,,
2026-10-05,Golden Cross,ZS,201.94,,,,,,,,,,,,,
2026-10-05,Bull Flag Watch,AAPL,333.13,,,,,,,,,,,,,
2026-10-05,Bull Flag Watch,BE,286.68,,,,,,,,,,,,,
2026-10-05,Bull Flag Watch,DELL,552.22,,,,,,,,,,,,,
2026-10-05,Bull Flag Watch,NOK,10.21,,,,,,,,,,,,,
2026-10-05,Bull Flag Watch,NOW,136.12,,,,,,,,,,,,,
2026-10-05,Bull Flag Watch,QCOM,180.84,,,,,,,,,,,,,
2026-10-05,Bull Flag Watch,ZS,201.94,,,,,,,,,,,,,
2026-10-05,Breakout Watch (EOD),BOT,31.79,,,,,,,,,,,,,
2026-10-05,Performance: Strong Buy,BUG,47.76,,,,,,,,,,,,,
2026-10-05,Performance: Buy,BOT,31.79,,,,,,,,,,,,,
2026-10-05,Performance: Buy,HACK,124.91,,,,,,,,,,,,,
2026-10-05,Performance: Buy,S,25.43,,,,,,,,,,,,,
