date,equity_$
2016-09-23,500000.0
2016-09-26,500000.0
2016-09-27,500000.0
2016-09-28,500000.0
2016-09-29,500000.0
2016-09-30,500000.0
2016-10-03,500000.0
2016-10-04,500000.0
2016-10-05,500000.0
2016-10-06,500000.0
2016-10-07,500000.0
2016-10-10,500000.0
2016-10-11,500000.0
2016-10-12,500000.0
2016-10-13,500000.0
2016-10-14,500000.0
2016-10-17,500000.0
2016-10-18,500000.0
2016-10-19,500000.0
2016-10-20,500000.0
2016-10-21,500000.0
2016-10-24,500000.0
2016-10-25,500000.0
2016-10-26,500000.0
2016-10-27,500000.0
2016-10-28,500000.0
2016-10-31,500000.0
2016-11-01,500000.0
2016-11-02,500000.0
2016-11-03,500000.0
2016-11-04,500000.0
2016-11-07,500000.0
2016-11-08,500000.0
2016-11-09,500000.0
2016-11-10,500000.0
2016-11-11,500000.0
2016-11-14,500000.0
2016-11-15,500000.0
2016-11-16,500000.0
2016-11-17,500000.0
2016-11-18,499411.43
2016-11-21,499949.07
2016-11-22,500843.5
2016-11-23,500979.82
2016-11-25,501342.1
2016-11-28,501522.69
2016-11-29,501674.9
2016-11-30,501743.24
2016-12-01,499131.12
2016-12-02,500407.96
2016-12-05,502284.19
2016-12-06,503364.9
2016-12-07,504929.08
2016-12-08,505012.81
2016-12-09,505438.46
2016-12-12,505407.77
2016-12-13,506197.55
2016-12-14,506606.03
2016-12-15,506764.05
2016-12-16,506432.74
2016-12-19,506857.1
2016-12-20,507775.25
2016-12-21,507941.04
2016-12-22,507701.97
2016-12-23,508314.72
2016-12-27,508660.92
2016-12-28,508430.73
2016-12-29,508608.81
2016-12-30,507805.18
2017-01-03,508575.6
2017-01-04,509164.83
2017-01-05,509155.58
2017-01-06,509660.7
2017-01-09,510152.61
2017-01-10,510357.21
2017-01-11,510466.73
2017-01-12,510378.37
2017-01-13,510526.47
2017-01-17,510553.61
2017-01-18,510614.25
2017-01-19,510629.41
2017-01-20,510369.95
2017-01-23,510715.29
2017-01-24,512158.65
2017-01-25,512566.37
2017-01-26,512874.53
2017-01-27,513158.38
2017-01-30,513094.93
2017-01-31,513072.46
2017-02-01,513393.44
2017-02-02,513410.59
2017-02-03,513495.37
2017-02-06,513555.98
2017-02-07,513546.62
2017-02-08,513542.92
2017-02-09,513557.68
2017-02-10,513613.75
2017-02-13,513606.49
2017-02-14,513622.23
2017-02-15,513626.37
2017-02-16,513626.67
2017-02-17,513384.2
2017-02-21,514480.62
2017-02-22,514426.86
2017-02-23,511609.94
2017-02-24,512412.1
2017-02-27,513151.4
2017-02-28,511779.91
2017-03-01,513294.01
2017-03-02,510563.17
2017-03-03,510705.62
2017-03-06,510468.52
2017-03-07,512107.97
2017-03-08,512201.83
2017-03-09,512089.91
2017-03-10,512994.62
2017-03-13,515084.09
2017-03-14,515051.68
2017-03-15,516047.93
2017-03-16,516384.49
2017-03-17,516126.99
2017-03-20,517202.56
2017-03-21,515424.45
2017-03-22,516709.54
2017-03-23,516708.06
2017-03-24,517092.93
2017-03-27,517243.0
2017-03-28,517357.1
2017-03-29,517471.81
2017-03-30,517697.27
2017-03-31,516829.32
2017-04-03,515990.56
2017-04-04,514663.52
2017-04-05,514812.92
2017-04-06,515723.14
2017-04-07,516021.01
2017-04-10,515147.77
2017-04-11,514506.84
2017-04-12,514265.04
2017-04-13,512816.09
2017-04-17,515606.58
2017-04-18,516210.5
2017-04-19,516629.34
2017-04-20,517419.52
2017-04-21,517059.75
2017-04-24,518030.45
2017-04-25,518625.68
2017-04-26,517975.25
2017-04-27,518710.13
2017-04-28,518606.88
2017-05-01,518855.37
2017-05-02,518359.61
2017-05-03,518882.73
2017-05-04,518900.3
2017-05-05,518989.5
2017-05-08,518958.28
2017-05-09,519058.77
2017-05-10,519260.46
2017-05-11,519260.48
2017-05-12,519260.46
2017-05-15,519260.49
2017-05-16,519260.49
2017-05-17,519260.49
2017-05-18,519260.49
2017-05-19,518862.82
2017-05-22,520111.93
2017-05-23,520331.02
2017-05-24,521183.73
2017-05-25,521565.43
2017-05-26,522371.9
2017-05-30,522825.77
2017-05-31,522799.56
2017-06-01,523149.32
2017-06-02,523264.54
2017-06-05,523560.73
2017-06-06,523631.88
2017-06-07,523728.74
2017-06-08,523824.64
2017-06-09,523797.3
2017-06-12,523796.84
2017-06-13,523830.42
2017-06-14,523833.54
2017-06-15,523833.69
2017-06-16,523528.55
2017-06-19,524870.51
2017-06-20,524813.56
2017-06-21,525452.48
2017-06-22,525544.61
2017-06-23,525557.68
2017-06-26,525236.98
2017-06-27,522563.17
2017-06-28,524486.75
2017-06-29,522580.83
2017-06-30,522205.04
2017-07-03,519544.45
2017-07-05,521931.73
2017-07-06,521002.99
2017-07-07,522605.98
2017-07-10,524023.66
2017-07-11,524432.25
2017-07-12,525819.47
2017-07-13,526270.04
2017-07-14,526658.26
2017-07-17,526132.89
2017-07-18,526194.24
2017-07-19,526992.94
2017-07-20,527199.29
2017-07-21,527060.51
2017-07-24,527101.01
2017-07-25,526961.02
2017-07-26,527542.3
2017-07-27,526342.98
2017-07-28,526284.52
2017-07-31,526099.14
2017-08-01,527055.73
2017-08-02,527092.77
2017-08-03,527058.6
2017-08-04,527835.05
2017-08-07,528722.54
2017-08-08,528821.28
2017-08-09,528784.25
2017-08-10,526465.42
2017-08-11,527339.86
2017-08-14,529729.35
2017-08-15,530291.01
2017-08-16,530504.63
2017-08-17,530372.27
2017-08-18,530328.63
2017-08-21,530112.18
2017-08-22,531555.02
2017-08-23,531954.86
2017-08-24,532088.24
2017-08-25,532438.41
2017-08-28,532654.59
2017-08-29,532805.89
2017-08-30,533068.52
2017-08-31,533343.39
2017-09-01,533422.69
2017-09-05,533324.04
2017-09-06,533399.86
2017-09-07,533497.03
2017-09-08,533479.39
2017-09-11,533580.13
2017-09-12,533589.13
2017-09-13,533591.1
2017-09-14,533591.18
2017-09-15,533343.27
2017-09-18,534348.56
2017-09-19,534255.94
2017-09-20,533853.01
2017-09-21,533431.79
2017-09-22,533107.84
2017-09-25,530439.3
2017-09-26,530999.15
2017-09-27,532751.34
2017-09-28,532847.64
2017-09-29,533950.19
2017-10-02,534877.64
2017-10-03,534991.08
2017-10-04,535428.25
2017-10-05,535689.16
2017-10-06,535728.38
2017-10-09,536132.21
2017-10-10,536265.55
2017-10-11,536326.84
2017-10-12,536311.46
2017-10-13,536356.74
2017-10-16,536393.23
2017-10-17,536429.2
2017-10-18,536440.94
2017-10-19,536442.05
2017-10-20,536269.39
2017-10-23,536475.66
2017-10-24,536937.65
2017-10-25,536217.58
2017-10-26,536671.75
2017-10-27,537775.97
2017-10-30,537684.53
2017-10-31,538077.33
2017-11-01,537951.18
2017-11-02,537993.94
2017-11-03,538246.28
2017-11-06,538405.74
2017-11-07,538417.9
2017-11-08,538419.74
2017-11-09,538397.01
2017-11-10,538416.3
2017-11-13,538426.1
2017-11-14,538427.12
2017-11-15,538427.46
2017-11-16,538427.76
2017-11-17,538171.13
2017-11-20,539481.59
2017-11-21,540301.65
2017-11-22,540198.26
2017-11-24,540558.83
2017-11-27,539676.61
2017-11-28,539475.22
2017-11-29,534244.49
2017-11-30,535980.67
2017-12-01,535626.25
2017-12-04,530620.25
2017-12-05,530890.48
2017-12-06,530577.53
2017-12-07,532600.08
2017-12-08,532566.17
2017-12-11,534833.04
2017-12-12,533182.26
2017-12-13,530915.57
2017-12-14,531316.86
2017-12-15,533733.09
2017-12-18,534837.28
2017-12-19,534878.15
2017-12-20,535075.56
2017-12-21,534954.44
2017-12-22,535319.89
2017-12-26,535196.49
2017-12-27,535731.58
2017-12-28,536176.72
2017-12-29,535811.86
2018-01-02,537127.83
2018-01-03,537772.26
2018-01-04,538036.66
2018-01-05,538177.77
2018-01-08,538246.66
2018-01-09,538279.49
2018-01-10,538293.17
2018-01-11,538326.14
2018-01-12,538351.93
2018-01-16,538351.98
2018-01-17,538353.71
2018-01-18,538353.71
2018-01-19,538111.18
2018-01-22,539278.85
2018-01-23,539607.4
2018-01-24,539122.27
2018-01-25,538895.03
2018-01-26,539913.62
2018-01-29,540062.33
2018-01-30,539620.51
2018-01-31,540148.37
2018-02-01,539201.61
2018-02-02,538586.91
2018-02-05,531382.12
2018-02-06,536071.53
2018-02-07,533380.19
2018-02-08,524185.84
2018-02-09,532830.67
2018-02-12,537179.93
2018-02-13,538733.73
2018-02-14,539496.47
2018-02-15,540942.78
2018-02-16,540699.65
2018-02-20,542131.25
2018-02-21,541118.95
2018-02-22,541241.05
2018-02-23,543137.43
2018-02-26,543883.32
2018-02-27,543721.3
2018-02-28,543619.22
2018-03-01,542555.37
2018-03-02,543587.47
2018-03-05,544101.69
2018-03-06,544906.25
2018-03-07,545337.46
2018-03-08,545537.43
2018-03-09,545978.2
2018-03-12,546165.38
2018-03-13,546183.2
2018-03-14,546231.96
2018-03-15,546238.29
2018-03-16,545958.37
2018-03-19,544019.25
2018-03-20,545726.92
2018-03-21,545432.24
2018-03-22,541665.26
2018-03-23,536087.52
2018-03-26,544772.79
2018-03-27,536814.42
2018-03-28,532289.79
2018-03-29,539209.45
2018-04-02,530540.69
2018-04-03,534878.52
2018-04-04,538373.87
2018-04-05,537660.72
2018-04-06,531032.74
2018-04-09,533101.52
2018-04-10,542126.17
2018-04-11,542796.81
2018-04-12,546653.54
2018-04-13,544714.94
2018-04-16,545027.37
2018-04-17,546914.47
2018-04-18,546272.76
2018-04-19,536099.07
2018-04-20,531829.99
2018-04-23,531456.92
2018-04-24,531284.06
2018-04-25,530216.49
2018-04-26,532693.85
2018-04-27,533039.09
2018-04-30,532700.01
2018-05-01,534156.85
2018-05-02,533775.55
2018-05-03,535143.8
2018-05-04,536369.65
2018-05-07,536739.52
2018-05-08,537314.67
2018-05-09,537704.4
2018-05-10,537963.22
2018-05-11,538017.5
2018-05-14,538136.37
2018-05-15,538146.1
2018-05-16,538172.24
2018-05-17,538174.1
2018-05-18,537905.06
2018-05-21,538582.3
2018-05-22,538993.77
2018-05-23,539777.65
2018-05-24,539788.99
2018-05-25,540228.27
2018-05-29,539751.44
2018-05-30,540283.03
2018-05-31,540322.12
2018-06-01,540958.78
2018-06-04,541132.91
2018-06-05,541150.97
2018-06-06,541202.85
2018-06-07,541232.82
2018-06-08,541202.27
2018-06-11,541176.93
2018-06-12,541256.5
2018-06-13,541269.89
2018-06-14,541270.22
2018-06-15,541049.15
2018-06-18,540893.54
2018-06-19,539419.28
2018-06-20,541096.82
2018-06-21,539303.16
2018-06-22,538689.76
2018-06-25,530573.76
2018-06-26,530974.95
2018-06-27,527363.62
2018-06-28,533861.61
2018-06-29,533270.46
2018-07-02,535688.1
2018-07-03,532832.12
2018-07-05,536110.62
2018-07-06,539111.39
2018-07-09,540564.04
2018-07-10,541914.41
2018-07-11,539510.35
2018-07-12,541281.42
2018-07-13,541189.92
2018-07-16,540636.15
2018-07-17,542811.21
2018-07-18,542507.63
2018-07-19,542761.32
2018-07-20,542075.97
2018-07-23,542340.56
2018-07-24,542104.11
2018-07-25,543258.33
2018-07-26,543922.1
2018-07-27,543728.25
2018-07-30,542372.52
2018-07-31,543011.93
2018-08-01,543494.43
2018-08-02,544559.29
2018-08-03,544760.6
2018-08-06,545327.9
2018-08-07,545808.94
2018-08-08,546041.21
2018-08-09,545987.48
2018-08-10,545565.54
2018-08-13,545676.41
2018-08-14,545635.63
2018-08-15,545340.14
2018-08-16,546038.36
2018-08-17,545785.06
2018-08-20,546068.23
2018-08-21,546936.09
2018-08-22,547617.53
2018-08-23,547692.02
2018-08-24,548177.78
2018-08-27,548425.66
2018-08-28,548608.78
2018-08-29,548837.94
2018-08-30,548830.56
2018-08-31,548839.1
2018-09-04,548854.85
2018-09-05,548695.17
2018-09-06,548250.8
2018-09-07,548294.56
2018-09-10,547909.93
2018-09-11,547608.78
2018-09-12,546389.82
2018-09-13,547180.38
2018-09-14,548283.32
2018-09-17,547124.75
2018-09-18,547942.36
2018-09-19,547480.28
2018-09-20,548744.43
2018-09-21,548716.85
2018-09-24,549466.78
2018-09-25,549140.24
2018-09-26,549071.34
2018-09-27,549793.06
2018-09-28,550510.85
2018-10-01,550942.05
2018-10-02,550697.13
2018-10-03,551023.32
2018-10-04,549765.56
2018-10-05,548402.62
2018-10-08,546899.47
2018-10-09,547598.18
2018-10-10,536501.93
2018-10-11,532896.15
2018-10-12,542024.27
2018-10-15,535079.45
2018-10-16,544428.01
2018-10-17,542523.87
2018-10-18,537577.87
2018-10-19,533098.71
2018-10-22,534157.91
2018-10-23,532190.36
2018-10-24,523301.62
2018-10-25,529139.91
2018-10-26,522780.07
2018-10-29,517412.76
2018-10-30,526490.88
2018-10-31,530565.21
2018-11-01,534435.03
2018-11-02,534404.17
2018-11-05,533981.59
2018-11-06,533964.88
2018-11-07,535257.25
2018-11-08,533906.76
2018-11-09,533433.43
2018-11-12,525869.45
2018-11-13,530069.58
2018-11-14,529931.45
2018-11-15,534496.26
2018-11-16,515129.74
2018-11-19,509243.89
2018-11-20,509557.12
2018-11-21,510809.6
2018-11-23,511244.76
2018-11-26,515399.75
2018-11-27,516213.86
2018-11-28,518848.47
2018-11-29,518760.71
2018-11-30,520078.48
2018-12-03,521693.64
2018-12-04,519282.03
2018-12-06,520480.77
2018-12-07,517925.63
2018-12-10,519655.64
2018-12-11,519825.55
2018-12-12,520842.33
2018-12-13,521752.07
2018-12-14,521494.61
2018-12-17,521210.16
2018-12-18,522975.61
2018-12-19,521935.9
2018-12-20,522359.17
2018-12-21,520641.7
2018-12-24,518213.52
2018-12-26,523199.26
2018-12-27,523423.22
2018-12-28,523926.8
2018-12-31,524375.84
2019-01-02,524719.34
2019-01-03,522305.08
2019-01-04,524507.97
2019-01-07,525113.78
2019-01-08,525056.41
2019-01-09,525572.43
2019-01-10,525803.28
2019-01-11,525851.88
2019-01-14,525821.23
2019-01-15,525875.47
2019-01-16,525878.74
2019-01-17,525887.76
2019-01-18,525434.94
2019-01-22,523271.54
2019-01-23,524135.29
2019-01-24,527192.72
2019-01-25,528479.53
2019-01-28,523098.98
2019-01-29,519407.65
2019-01-30,523809.85
2019-01-31,526084.1
2019-02-01,526274.78
2019-02-04,528452.57
2019-02-05,529171.94
2019-02-06,529768.92
2019-02-07,529100.87
2019-02-08,529643.95
2019-02-11,529672.14
2019-02-12,530732.65
2019-02-13,531002.39
2019-02-14,531092.26
2019-02-15,530645.61
2019-02-19,531493.52
2019-02-20,532335.16
2019-02-21,532562.71
2019-02-22,533584.37
2019-02-25,533889.99
2019-02-26,534064.41
2019-02-27,534040.27
2019-02-28,534161.28
2019-03-01,534755.25
2019-03-04,535011.06
2019-03-05,535190.29
2019-03-06,534924.88
2019-03-07,534771.57
2019-03-08,535096.38
2019-03-11,536119.71
2019-03-12,536229.81
2019-03-13,536265.28
2019-03-14,536266.06
2019-03-15,535984.64
2019-03-18,536149.16
2019-03-19,537261.12
2019-03-20,537110.35
2019-03-21,538734.39
2019-03-22,537365.16
2019-03-25,537238.69
2019-03-26,537663.4
2019-03-27,537821.77
2019-03-28,537505.87
2019-03-29,538448.34
2019-04-01,538944.34
2019-04-02,538992.58
2019-04-03,539308.62
2019-04-04,539413.56
2019-04-05,539472.49
2019-04-08,539489.28
2019-04-09,539497.01
2019-04-10,539502.12
2019-04-11,539502.5
2019-04-12,539502.58
2019-04-15,539502.58
2019-04-16,539502.58
2019-04-17,539502.58
2019-04-18,539257.75
2019-04-22,539582.5
2019-04-23,540429.69
2019-04-24,540774.24
2019-04-25,540202.94
2019-04-26,538367.67
2019-04-29,538772.41
2019-04-30,539208.2
2019-05-01,539093.76
2019-05-02,540216.07
2019-05-03,540611.32
2019-05-06,539453.43
2019-05-07,537366.9
2019-05-08,537913.93
2019-05-09,535547.85
2019-05-10,534728.87
2019-05-13,521719.62
2019-05-14,528552.78
2019-05-15,527913.18
2019-05-16,527584.23
2019-05-17,520928.89
2019-05-20,517830.67
2019-05-21,520162.38
2019-05-22,519954.91
2019-05-23,517556.43
2019-05-24,517127.13
2019-05-28,515190.21
2019-05-29,515304.54
2019-05-30,515893.7
2019-05-31,514481.33
2019-06-03,513014.68
2019-06-04,519308.7
2019-06-05,518777.89
2019-06-06,520528.24
2019-06-07,521877.5
2019-06-10,523309.3
2019-06-11,524011.5
2019-06-12,523140.49
2019-06-13,523829.18
2019-06-14,521956.83
2019-06-17,522131.59
2019-06-18,524844.52
2019-06-19,525009.31
2019-06-20,525073.95
2019-06-21,524760.4
2019-06-24,524766.19
2019-06-25,522859.64
2019-06-26,524443.1
2019-06-27,525462.82
2019-06-28,525354.66
2019-07-01,527250.99
2019-07-02,527195.86
2019-07-03,527578.46
2019-07-05,527404.06
2019-07-08,527113.62
2019-07-09,527629.61
2019-07-10,528350.14
2019-07-11,528513.76
2019-07-12,528626.14
2019-07-15,528670.94
2019-07-16,528667.39
2019-07-17,528677.37
2019-07-18,528687.79
2019-07-19,528431.98
2019-07-22,529362.86
2019-07-23,530204.21
2019-07-24,530730.09
2019-07-25,530275.45
2019-07-26,530459.18
2019-07-29,530745.22
2019-07-30,530468.36
2019-07-31,529584.36
2019-08-01,528684.03
2019-08-02,527375.51
2019-08-05,518479.34
2019-08-06,522910.3
2019-08-07,525038.12
2019-08-08,528648.51
2019-08-09,526287.0
2019-08-12,522625.47
2019-08-13,528887.62
2019-08-14,524055.18
2019-08-15,522521.79
2019-08-16,531176.43
2019-08-19,533131.78
2019-08-20,532890.17
2019-08-21,533653.87
2019-08-22,533628.02
2019-08-23,530927.62
2019-08-26,531795.88
2019-08-27,531704.3
2019-08-28,532166.65
2019-08-29,534122.31
2019-08-30,534207.18
2019-09-03,532990.1
2019-09-04,534874.18
2019-09-05,536105.43
2019-09-06,536176.14
2019-09-09,536318.45
2019-09-10,536301.78
2019-09-11,536676.56
2019-09-12,536794.26
2019-09-13,536831.63
2019-09-16,536835.35
2019-09-17,536884.95
2019-09-18,536892.25
2019-09-19,536892.78
2019-09-20,536565.97
2019-09-23,537247.47
2019-09-24,536263.39
2019-09-25,538202.9
2019-09-26,538602.14
2019-09-27,537758.28
2019-09-30,538654.58
2019-10-01,537699.96
2019-10-02,537254.82
2019-10-03,538283.94
2019-10-04,539360.68
2019-10-07,539489.93
2019-10-08,537170.31
2019-10-09,538605.13
2019-10-10,538906.03
2019-10-11,540077.19
2019-10-14,540243.52
2019-10-15,540544.42
2019-10-16,540411.25
2019-10-17,540523.54
2019-10-18,540345.69
2019-10-21,541708.77
2019-10-22,541759.55
2019-10-23,541336.65
2019-10-24,542817.82
2019-10-25,543434.97
2019-10-28,543784.56
2019-10-29,543681.17
2019-10-30,543712.89
2019-10-31,543744.43
2019-11-01,543999.96
2019-11-04,544145.85
2019-11-05,544152.68
2019-11-06,544154.62
2019-11-07,544159.9
2019-11-08,544161.71
2019-11-11,544162.35
2019-11-12,544162.47
2019-11-13,544162.47
2019-11-14,544162.47
2019-11-15,543870.44
2019-11-18,544018.0
2019-11-19,544306.1
2019-11-20,544513.08
2019-11-21,544189.46
2019-11-22,544183.37
2019-11-25,545713.41
2019-11-26,545699.32
2019-11-27,546059.72
2019-11-29,545692.68
2019-12-02,544978.58
2019-12-03,544213.04
2019-12-04,542302.73
2019-12-05,541455.31
2019-12-06,543652.1
2019-12-09,542155.91
2019-12-10,542780.66
2019-12-11,545451.06
2019-12-12,546724.02
2019-12-13,546950.49
2019-12-16,547216.27
2019-12-17,547275.1
2019-12-18,547342.27
2019-12-19,547515.94
2019-12-20,547267.01
2019-12-23,547891.96
2019-12-24,547943.4
2019-12-26,548631.37
2019-12-27,548581.32
2019-12-30,547858.32
2019-12-31,548582.66
2020-01-02,549758.87
2020-01-03,549151.31
2020-01-06,548833.73
2020-01-07,549643.7
2020-01-08,549885.46
2020-01-09,550143.86
2020-01-10,550318.41
2020-01-13,550435.62
2020-01-14,550438.72
2020-01-15,550437.7
2020-01-16,550440.37
2020-01-17,550154.7
2020-01-21,549098.69
2020-01-22,549697.94
2020-01-23,550082.68
2020-01-24,549270.75
2020-01-27,543929.78
2020-01-28,547878.23
2020-01-29,545561.62
2020-01-30,544396.31
2020-01-31,539161.34
2020-02-03,541559.98
2020-02-04,546015.18
2020-02-05,549310.77
2020-02-06,549460.12
2020-02-07,543826.24
2020-02-10,544947.74
2020-02-11,549634.77
2020-02-12,549829.91
2020-02-13,549251.39
2020-02-14,549042.24
2020-02-18,547673.34
2020-02-19,549639.3
2020-02-20,549423.65
2020-02-21,546342.35
2020-02-24,540750.45
2020-02-25,537973.21
2020-02-26,539985.91
2020-02-27,527733.0
2020-02-28,535743.38
2020-03-02,542722.34
2020-03-03,537451.68
2020-03-04,545566.41
2020-03-05,545732.03
2020-03-06,542649.89
2020-03-09,528503.17
2020-03-10,541510.34
2020-03-11,531448.05
2020-03-12,500469.68
2020-03-13,530042.23
2020-03-16,476082.09
2020-03-17,502245.81
2020-03-18,478174.94
2020-03-19,489634.79
2020-03-20,482764.43
2020-03-23,484828.19
2020-03-24,493098.11
2020-03-25,493395.89
2020-03-26,496005.21
2020-03-27,495076.16
2020-03-30,496960.11
2020-03-31,497291.88
2020-04-01,496597.92
2020-04-02,498102.78
2020-04-03,498142.6
2020-04-06,499499.41
2020-04-07,499635.46
2020-04-08,499877.25
2020-04-09,499915.29
2020-04-13,500009.51
2020-04-14,500049.71
2020-04-15,500051.79
2020-04-16,500052.07
2020-04-17,499269.1
2020-04-20,498732.08
2020-04-21,495013.21
2020-04-22,500059.07
2020-04-23,499886.95
2020-04-24,501816.07
2020-04-27,503181.62
2020-04-28,502299.06
2020-04-29,505098.59
2020-04-30,504782.12
2020-05-01,502883.8
2020-05-04,505062.4
2020-05-05,506037.53
2020-05-06,507063.92
2020-05-07,507745.71
2020-05-08,508427.14
2020-05-11,508622.73
2020-05-12,508572.74
2020-05-13,508800.93
2020-05-14,509049.33
2020-05-15,508576.17
2020-05-18,510961.75
2020-05-19,510799.5
2020-05-20,512186.0
2020-05-21,511681.11
2020-05-22,512022.72
2020-05-26,511948.9
2020-05-27,512052.33
2020-05-28,511825.83
2020-05-29,512829.75
2020-06-01,513054.87
2020-06-02,513531.12
2020-06-03,513728.15
2020-06-04,513745.55
2020-06-05,514194.65
2020-06-08,514259.57
2020-06-09,514447.81
2020-06-10,514559.94
2020-06-11,514447.13
2020-06-12,514535.62
2020-06-15,514570.11
2020-06-16,514577.12
2020-06-17,514577.74
2020-06-18,514577.74
2020-06-19,514195.69
2020-06-22,516016.3
2020-06-23,516216.88
2020-06-24,515376.96
2020-06-25,516457.48
2020-06-26,515358.75
2020-06-29,516136.62
2020-06-30,517738.74
2020-07-01,517769.1
2020-07-02,518340.39
2020-07-06,518772.83
2020-07-07,518761.86
2020-07-08,518952.71
2020-07-09,518967.88
2020-07-10,518970.45
2020-07-13,518968.16
2020-07-14,518971.18
2020-07-15,518971.3
2020-07-16,518971.3
2020-07-17,518568.65
2020-07-20,520249.41
2020-07-21,519945.38
2020-07-22,520387.48
2020-07-23,518777.95
2020-07-24,519325.48
2020-07-27,520642.05
2020-07-28,519900.54
2020-07-29,520725.43
2020-07-30,521612.83
2020-07-31,522127.11
2020-08-03,523040.62
2020-08-04,523156.06
2020-08-05,523283.64
2020-08-06,523105.92
2020-08-07,522971.73
2020-08-10,522687.81
2020-08-11,522266.55
2020-08-12,522935.53
2020-08-13,522732.23
2020-08-14,521834.21
2020-08-17,522310.83
2020-08-18,522062.65
2020-08-19,521951.23
2020-08-20,521701.39
2020-08-21,523170.71
2020-08-24,524310.85
2020-08-25,525240.47
2020-08-26,526155.4
2020-08-27,526159.49
2020-08-28,527000.99
2020-08-31,527052.06
2020-09-01,527733.81
2020-09-02,527996.93
2020-09-03,527555.31
2020-09-04,527038.58
2020-09-08,524419.55
2020-09-09,527563.11
2020-09-10,526832.6
2020-09-11,526772.4
2020-09-14,527933.78
2020-09-15,528416.19
2020-09-16,528282.84
2020-09-17,528306.72
2020-09-18,528013.04
2020-09-21,529165.76
2020-09-22,530291.51
2020-09-23,527870.29
2020-09-24,529259.37
2020-09-25,530786.54
2020-09-28,532313.49
2020-09-29,532646.61
2020-09-30,533340.29
2020-10-01,533953.3
2020-10-02,533522.55
2020-10-05,534478.44
2020-10-06,534482.02
2020-10-07,534741.34
2020-10-08,534791.35
2020-10-09,534831.23
2020-10-12,534840.46
2020-10-13,534840.98
2020-10-14,534841.0
2020-10-15,534841.01
2020-10-16,534435.9
2020-10-19,533019.0
2020-10-20,533586.25
2020-10-21,532486.34
2020-10-22,533133.72
2020-10-23,534344.91
2020-10-26,532074.79
2020-10-27,533921.03
2020-10-28,527294.58
2020-10-29,527900.92
2020-10-30,524466.79
2020-11-02,524250.33
2020-11-03,527999.15
2020-11-04,534682.85
2020-11-05,537923.25
2020-11-06,539179.87
2020-11-09,538091.76
2020-11-10,534768.34
2020-11-11,538332.89
2020-11-12,538345.38
2020-11-13,538838.14
2020-11-16,539243.02
2020-11-17,539263.47
2020-11-18,539294.51
2020-11-19,539479.9
2020-11-20,538579.47
2020-11-23,542694.6
2020-11-24,544087.13
2020-11-25,545463.2
2020-11-27,546304.91
2020-11-30,546901.36
2020-12-01,547755.94
2020-12-02,547598.65
2020-12-03,547954.0
2020-12-04,547922.36
2020-12-07,548659.65
2020-12-08,548712.98
2020-12-09,548164.35
2020-12-10,548695.99
2020-12-11,549183.41
2020-12-14,549830.28
2020-12-15,550016.07
2020-12-16,550070.02
2020-12-17,550082.42
2020-12-18,549327.51
2020-12-21,552250.34
2020-12-22,552211.09
2020-12-23,552091.42
2020-12-24,552798.84
2020-12-28,551537.57
2020-12-29,550848.92
2020-12-30,553106.62
2020-12-31,551945.94
2021-01-04,551859.82
2021-01-05,554688.04
2021-01-06,551688.67
2021-01-07,556406.38
2021-01-08,557108.96
2021-01-11,557946.46
2021-01-12,558256.06
2021-01-13,558544.91
2021-01-14,558578.91
2021-01-15,558140.87
2021-01-19,561401.71
2021-01-20,562154.5
2021-01-21,562636.36
2021-01-22,564349.49
2021-01-25,564981.38
2021-01-26,564573.89
2021-01-27,562959.31
2021-01-28,564248.47
2021-01-29,563517.56
2021-02-01,564916.52
2021-02-02,565278.82
2021-02-03,565111.77
2021-02-04,565130.23
2021-02-05,565183.68
2021-02-08,565764.15
2021-02-09,565782.38
2021-02-10,565762.44
2021-02-11,565916.33
2021-02-12,565936.99
2021-02-16,565934.89
2021-02-17,565928.17
2021-02-18,565936.06
2021-02-19,564982.28
2021-02-22,561165.08
2021-02-23,558143.8
2021-02-24,560680.5
2021-02-25,548972.42
2021-02-26,553790.07
2021-03-01,559127.1
2021-03-02,555149.3
2021-03-03,546419.09
2021-03-04,532280.92
2021-03-05,539566.24
2021-03-08,523559.61
2021-03-09,544379.55
2021-03-10,541715.06
2021-03-11,559134.92
2021-03-12,559017.44
2021-03-15,563714.2
2021-03-16,564831.66
2021-03-17,565978.85
2021-03-18,554964.43
2021-03-19,559100.72
2021-03-22,561416.93
2021-03-23,559843.79
2021-03-24,555935.5
2021-03-25,557529.56
2021-03-26,561174.52
2021-03-29,560099.36
2021-03-30,561539.12
2021-03-31,565383.23
2021-04-01,566462.8
2021-04-05,567571.41
2021-04-06,567729.95
2021-04-07,567732.72
2021-04-08,568639.35
2021-04-09,569249.23
2021-04-12,569200.41
2021-04-13,569790.83
2021-04-14,569758.26
2021-04-15,569820.7
2021-04-16,569217.94
2021-04-19,566539.69
2021-04-20,565657.21
2021-04-21,569115.77
2021-04-22,566224.02
2021-04-23,569771.42
2021-04-26,572032.25
2021-04-27,571308.87
2021-04-28,571184.66
2021-04-29,571336.98
2021-04-30,569262.74
2021-05-03,567798.77
2021-05-04,565597.54
2021-05-05,566016.07
2021-05-06,566629.67
2021-05-07,568059.78
2021-05-10,560245.26
2021-05-11,565630.26
2021-05-12,552841.19
2021-05-13,552853.71
2021-05-14,566965.88
2021-05-17,566022.24
2021-05-18,565896.25
2021-05-19,570117.39
2021-05-20,575399.3
2021-05-21,575444.89
2021-05-24,578137.12
2021-05-25,578953.99
2021-05-26,580001.66
2021-05-27,580261.05
2021-05-28,580984.96
2021-06-01,581062.56
2021-06-02,581475.0
2021-06-03,581357.48
2021-06-04,582051.83
2021-06-07,582160.56
2021-06-08,582313.86
2021-06-09,582383.7
2021-06-10,582440.73
2021-06-11,582455.65
2021-06-14,582460.44
2021-06-15,582460.61
2021-06-16,582460.67
2021-06-17,582460.68
2021-06-18,582118.89
2021-06-21,582215.04
2021-06-22,582953.49
2021-06-23,584173.9
2021-06-24,585088.91
2021-06-25,585118.09
2021-06-28,586074.93
2021-06-29,586101.74
2021-06-30,586107.67
2021-07-01,585273.97
2021-07-02,585134.54
2021-07-06,585565.47
2021-07-07,582072.36
2021-07-08,582782.94
2021-07-09,583582.92
2021-07-12,582688.54
2021-07-13,580923.95
2021-07-14,577236.08
2021-07-15,576849.23
2021-07-16,575961.9
2021-07-19,576837.79
2021-07-20,578203.44
2021-07-21,579555.16
2021-07-22,579544.13
2021-07-23,579670.89
2021-07-26,579776.11
2021-07-27,579178.49
2021-07-28,580201.25
2021-07-29,580408.68
2021-07-30,580320.42
2021-08-02,580718.32
2021-08-03,581063.56
2021-08-04,581218.36
2021-08-05,581397.49
2021-08-06,581253.9
2021-08-09,581522.46
2021-08-10,581478.75
2021-08-11,581487.75
2021-08-12,581572.99
2021-08-13,581607.74
2021-08-16,581615.67
2021-08-17,581405.13
2021-08-18,581454.02
2021-08-19,581619.69
2021-08-20,581304.9
2021-08-23,583764.29
2021-08-24,584045.1
2021-08-25,583948.58
2021-08-26,584152.59
2021-08-27,584702.97
2021-08-30,585233.33
2021-08-31,585285.67
2021-09-01,585332.16
2021-09-02,585496.39
2021-09-03,585629.28
2021-09-07,585631.52
2021-09-08,585587.08
2021-09-09,585493.43
2021-09-10,585385.08
2021-09-13,585651.38
2021-09-14,585971.24
2021-09-15,586096.2
2021-09-16,586098.43
2021-09-17,585736.57
2021-09-20,580549.95
2021-09-21,581524.86
2021-09-22,585037.5
2021-09-23,587244.79
2021-09-24,587016.37
2021-09-27,585511.78
2021-09-28,576490.53
2021-09-29,573786.79
2021-09-30,572553.28
2021-10-01,575325.03
2021-10-04,564202.26
2021-10-05,570048.63
2021-10-06,574259.05
2021-10-07,576713.47
2021-10-08,575455.27
2021-10-11,575779.49
2021-10-12,576022.67
2021-10-13,579166.15
2021-10-14,581668.31
2021-10-15,579983.91
2021-10-18,581575.68
2021-10-19,582682.32
2021-10-20,582110.16
2021-10-21,583419.77
2021-10-22,582928.44
2021-10-25,584074.96
2021-10-26,584835.74
2021-10-27,585014.12
2021-10-28,585896.36
2021-10-29,585849.29
2021-11-01,586230.62
2021-11-02,586335.25
2021-11-03,586438.3
2021-11-04,586962.48
2021-11-05,586985.01
2021-11-08,587128.78
2021-11-09,586845.9
2021-11-10,585845.21
2021-11-11,586470.6
2021-11-12,586536.45
2021-11-15,586973.43
2021-11-16,587008.26
2021-11-17,586928.27
2021-11-18,586358.07
2021-11-19,586677.52
2021-11-22,584543.55
2021-11-23,584060.48
2021-11-24,585989.31
2021-11-26,582359.13
2021-11-29,586986.43
2021-11-30,583500.83
2021-12-01,581955.46
2021-12-02,583967.33
2021-12-03,581626.5
2021-12-06,581506.11
2021-12-07,587862.27
2021-12-08,588699.71
2021-12-09,586304.49
2021-12-10,586465.59
2021-12-13,580674.48
2021-12-14,581704.13
2021-12-15,589209.41
2021-12-16,582120.46
2021-12-17,583261.67
2021-12-20,581451.62
2021-12-21,585866.6
2021-12-22,587528.27
2021-12-23,587992.69
2021-12-27,589617.81
2021-12-28,588871.12
2021-12-29,588594.51
2021-12-30,589349.69
2021-12-31,588980.39
2022-01-03,590457.55
2022-01-04,589853.08
2022-01-05,585445.65
2022-01-06,585525.69
2022-01-07,584536.59
2022-01-10,584837.21
2022-01-11,587673.73
2022-01-12,587663.08
2022-01-13,582322.4
2022-01-14,584364.96
2022-01-18,577034.81
2022-01-19,574953.81
2022-01-20,574448.84
2022-01-21,565656.6
2022-01-24,566021.02
2022-01-25,561110.22
2022-01-26,562689.06
2022-01-27,557393.15
2022-01-28,562200.04
2022-01-31,569133.25
2022-02-01,570288.97
2022-02-02,570531.6
2022-02-03,566230.52
2022-02-04,569376.01
2022-02-07,570276.43
2022-02-08,571867.99
2022-02-09,573002.93
2022-02-10,572808.0
2022-02-11,571267.74
2022-02-14,571786.17
2022-02-15,573493.91
2022-02-16,573531.83
2022-02-17,569426.6
2022-02-18,562953.11
2022-02-22,561509.81
2022-02-23,559311.33
2022-02-24,564805.72
2022-02-25,565507.68
2022-02-28,564681.82
2022-03-01,564289.25
2022-03-02,567178.63
2022-03-03,565700.66
2022-03-04,562407.31
2022-03-07,555333.5
2022-03-08,558175.59
2022-03-09,566404.18
2022-03-10,565866.38
2022-03-11,563117.11
2022-03-14,559331.77
2022-03-15,566381.06
2022-03-16,570245.81
2022-03-17,571080.14
2022-03-18,570518.84
2022-03-21,570740.61
2022-03-22,572795.22
2022-03-23,571054.08
2022-03-24,575818.0
2022-03-25,575578.71
2022-03-28,577044.45
2022-03-29,578917.24
2022-03-30,578130.93
2022-03-31,577626.31
2022-04-01,577563.29
2022-04-04,579355.65
2022-04-05,577693.31
2022-04-06,575629.2
2022-04-07,575796.59
2022-04-08,573129.11
2022-04-11,567752.97
2022-04-12,566579.67
2022-04-13,575638.61
2022-04-14,569434.92
2022-04-18,570293.73
2022-04-19,573201.72
2022-04-20,572617.2
2022-04-21,569305.19
2022-04-22,566312.87
2022-04-25,569417.67
2022-04-26,561973.1
2022-04-27,558425.48
2022-04-28,567832.95
2022-04-29,561017.58
2022-05-02,566779.27
2022-05-03,566584.74
2022-05-04,571548.03
2022-05-05,562567.76
2022-05-06,557844.97
2022-05-09,529667.74
2022-05-10,534212.4
2022-05-11,521779.98
2022-05-12,524210.3
2022-05-13,547462.41
2022-05-16,542713.91
2022-05-17,552946.53
2022-05-18,541111.14
2022-05-19,544641.42
2022-05-20,540982.98
2022-05-23,542917.37
2022-05-24,539647.05
2022-05-25,543921.14
2022-05-26,547461.41
2022-05-27,550580.32
2022-05-31,550724.64
2022-06-01,550609.98
2022-06-02,552737.28
2022-06-03,552253.89
2022-06-06,552716.71
2022-06-07,553334.87
2022-06-08,553514.51
2022-06-09,553161.16
2022-06-10,552301.37
2022-06-13,549103.77
2022-06-14,551237.69
2022-06-15,553326.32
2022-06-16,549976.54
2022-06-17,552609.24
2022-06-21,556069.41
2022-06-22,556002.78
2022-06-23,556685.48
2022-06-24,559363.92
2022-06-27,559229.37
2022-06-28,557479.25
2022-06-29,556885.55
2022-06-30,555740.39
2022-07-01,551864.1
2022-07-05,553192.02
2022-07-06,554102.69
2022-07-07,559947.22
2022-07-08,560765.62
2022-07-11,559433.99
2022-07-12,560062.14
2022-07-13,561634.72
2022-07-14,562151.07
2022-07-15,561360.21
2022-07-18,561602.0
2022-07-19,565535.49
2022-07-20,567640.81
2022-07-21,568698.3
2022-07-22,567440.3
2022-07-25,567140.27
2022-07-26,565644.88
2022-07-27,569310.16
2022-07-28,569968.24
2022-07-29,570390.76
2022-08-01,570290.78
2022-08-02,570488.6
2022-08-03,570786.71
2022-08-04,571094.31
2022-08-05,571249.78
2022-08-08,571024.43
2022-08-09,570561.49
2022-08-10,571222.88
2022-08-11,571281.94
2022-08-12,571420.06
2022-08-15,571438.7
2022-08-16,571442.81
2022-08-17,571445.06
2022-08-18,571446.09
2022-08-19,570752.18
2022-08-22,566482.87
2022-08-23,567646.62
2022-08-24,568712.0
2022-08-25,572853.57
2022-08-26,565076.71
2022-08-29,561967.29
2022-08-30,560257.61
2022-08-31,558150.7
2022-09-01,550287.58
2022-09-02,547134.21
2022-09-06,543887.52
2022-09-07,550121.4
2022-09-08,554919.77
2022-09-09,562498.66
2022-09-12,565689.63
2022-09-13,548786.08
2022-09-14,551527.83
2022-09-15,545768.54
2022-09-16,546728.8
2022-09-19,547555.16
2022-09-20,546424.47
2022-09-21,546610.77
2022-09-22,543365.66
2022-09-23,542513.46
2022-09-26,541642.3
2022-09-27,543406.16
2022-09-28,545847.51
2022-09-29,541368.03
2022-09-30,540376.13
2022-10-03,544591.9
2022-10-04,550809.4
2022-10-05,552464.8
2022-10-06,552559.75
2022-10-07,544150.77
2022-10-10,537834.1
2022-10-11,529464.31
2022-10-12,529516.98
2022-10-13,538536.92
2022-10-14,527678.78
2022-10-17,535084.26
2022-10-18,533965.78
2022-10-19,535315.25
2022-10-20,535688.13
2022-10-21,538904.56
2022-10-24,538267.35
2022-10-25,541506.62
2022-10-26,538619.21
2022-10-27,539446.36
2022-10-28,542521.37
2022-10-31,541776.86
2022-11-01,541621.43
2022-11-02,539014.69
2022-11-03,536552.44
2022-11-04,540782.22
2022-11-07,537707.64
2022-11-08,540441.24
2022-11-09,536710.92
2022-11-10,545681.53
2022-11-11,547514.37
2022-11-14,547355.77
2022-11-15,547607.86
2022-11-16,547601.16
2022-11-17,547113.15
2022-11-18,545025.41
2022-11-21,542904.61
2022-11-22,546456.85
2022-11-23,548379.02
2022-11-25,548137.71
2022-11-28,546991.83
2022-11-29,547437.55
2022-11-30,552914.58
2022-12-01,553628.69
2022-12-02,553463.32
2022-12-05,552482.06
2022-12-06,550939.37
2022-12-07,551515.58
2022-12-08,553755.77
2022-12-09,554319.51
2022-12-12,555619.87
2022-12-13,556349.87
2022-12-14,556519.16
2022-12-15,556361.72
2022-12-16,556097.41
2022-12-19,553061.64
2022-12-20,552650.63
2022-12-21,555992.55
2022-12-22,551193.7
2022-12-23,551289.35
2022-12-27,544962.44
2022-12-28,544175.31
2022-12-29,552071.45
2022-12-30,552518.06
2023-01-03,550856.89
2023-01-04,553509.0
2023-01-05,547570.67
2023-01-06,553338.66
2023-01-09,557456.58
2023-01-10,559511.64
2023-01-11,562151.53
2023-01-12,563278.61
2023-01-13,563720.34
2023-01-17,563946.2
2023-01-18,563895.27
2023-01-19,563856.96
2023-01-20,563420.47
2023-01-23,567823.91
2023-01-24,567291.97
2023-01-25,567708.45
2023-01-26,569023.43
2023-01-27,569715.61
2023-01-30,568905.95
2023-01-31,569872.76
2023-02-01,570759.92
2023-02-02,571073.07
2023-02-03,570991.96
2023-02-06,570832.85
2023-02-07,571114.22
2023-02-08,571134.24
2023-02-09,571191.59
2023-02-10,571185.83
2023-02-13,571202.33
2023-02-14,571205.42
2023-02-15,571204.44
2023-02-16,571205.25
2023-02-17,570367.13
2023-02-21,565989.08
2023-02-22,566301.04
2023-02-23,570723.38
2023-02-24,569233.44
2023-02-27,569811.75
2023-02-28,569741.57
2023-03-01,569600.99
2023-03-02,572710.77
2023-03-03,574739.99
2023-03-06,574506.69
2023-03-07,574207.44
2023-03-08,575884.61
2023-03-09,573310.33
2023-03-10,569491.11
2023-03-13,572808.15
2023-03-14,575189.1
2023-03-15,574559.63
2023-03-16,579746.99
2023-03-17,580108.92
2023-03-20,580814.24
2023-03-21,582991.39
2023-03-22,582631.24
2023-03-23,585114.28
2023-03-24,584712.31
2023-03-27,584185.51
2023-03-28,584093.06
2023-03-29,586366.55
2023-03-30,586984.0
2023-03-31,587839.36
2023-04-03,587812.74
2023-04-04,587537.23
2023-04-05,587008.72
2023-04-06,587345.43
2023-04-10,588142.08
2023-04-11,588296.31
2023-04-12,587923.79
2023-04-13,588522.74
2023-04-14,588808.82
2023-04-17,589117.03
2023-04-18,589266.97
2023-04-19,589278.26
2023-04-20,589326.3
2023-04-21,588912.38
2023-04-24,588272.24
2023-04-25,583397.5
2023-04-26,587058.65
2023-04-27,588949.96
2023-04-28,589835.77
2023-05-01,590546.49
2023-05-02,589350.49
2023-05-03,589322.18
2023-05-04,588679.04
2023-05-05,590029.21
2023-05-08,592146.82
2023-05-09,593620.23
2023-05-10,593761.83
2023-05-11,593541.38
2023-05-12,593704.0
2023-05-15,594052.96
2023-05-16,594080.86
2023-05-17,594093.25
2023-05-18,594093.25
2023-05-19,593432.62
2023-05-22,594457.84
2023-05-23,594990.56
2023-05-24,594426.81
2023-05-25,599700.82
2023-05-26,600789.09
2023-05-30,601226.01
2023-05-31,601223.61
2023-06-01,601369.56
2023-06-02,601476.96
2023-06-05,601585.79
2023-06-06,601630.1
2023-06-07,601545.21
2023-06-08,601625.55
2023-06-09,601663.35
2023-06-12,601687.44
2023-06-13,601690.25
2023-06-14,601690.48
2023-06-15,601690.49
2023-06-16,600549.47
2023-06-20,600496.24
2023-06-21,596416.11
2023-06-22,596232.92
2023-06-23,595244.67
2023-06-26,593595.59
2023-06-27,599792.3
2023-06-28,601469.05
2023-06-29,601150.91
2023-06-30,604088.09
2023-07-03,606192.09
2023-07-05,606333.75
2023-07-06,605525.12
2023-07-07,607152.8
2023-07-10,608955.74
2023-07-11,610768.25
2023-07-12,612621.26
2023-07-13,613936.59
2023-07-14,614077.09
2023-07-17,614558.86
2023-07-18,614710.09
2023-07-19,614788.0
2023-07-20,614701.06
2023-07-21,614308.88
2023-07-24,614832.46
2023-07-25,616651.8
2023-07-26,615872.4
2023-07-27,615316.33
2023-07-28,618247.99
2023-07-31,618438.36
2023-08-01,618693.85
2023-08-02,616126.36
2023-08-03,616340.09
2023-08-04,617233.66
2023-08-07,618222.66
2023-08-08,616978.11
2023-08-09,613272.0
2023-08-10,613954.45
2023-08-11,610486.17
2023-08-14,616643.24
2023-08-15,615832.57
2023-08-16,615058.88
2023-08-17,610936.71
2023-08-18,612706.28
2023-08-21,615515.97
2023-08-22,615774.19
2023-08-23,617611.97
2023-08-24,615261.01
2023-08-25,613996.64
2023-08-28,615934.57
2023-08-29,617647.6
2023-08-30,618752.45
2023-08-31,618503.16
2023-09-01,618802.75
2023-09-05,619087.3
2023-09-06,618998.69
2023-09-07,618960.02
2023-09-08,618900.53
2023-09-11,619383.36
2023-09-12,619511.3
2023-09-13,619695.76
2023-09-14,619833.6
2023-09-15,619234.68
2023-09-18,619741.64
2023-09-19,618941.53
2023-09-20,616326.94
2023-09-21,612521.1
2023-09-22,613933.03
2023-09-25,615604.67
2023-09-26,612882.93
2023-09-27,616885.0
2023-09-28,620003.14
2023-09-29,621328.19
2023-10-02,623162.06
2023-10-03,619544.25
2023-10-04,622638.82
2023-10-05,623351.34
2023-10-06,625600.97
2023-10-09,625896.73
2023-10-10,626359.05
2023-10-11,626675.67
2023-10-12,626715.71
2023-10-13,626426.07
2023-10-16,626817.1
2023-10-17,626839.89
2023-10-18,626672.79
2023-10-19,626797.25
2023-10-20,626473.52
2023-10-23,627453.53
2023-10-24,628809.54
2023-10-25,625145.49
2023-10-26,623007.37
2023-10-27,622999.2
2023-10-30,622780.78
2023-10-31,623828.57
2023-11-01,626268.45
2023-11-02,631082.16
2023-11-03,632140.73
2023-11-06,632300.85
2023-11-07,632371.57
2023-11-08,632424.4
2023-11-09,632468.47
2023-11-10,632595.81
2023-11-13,632595.99
2023-11-14,632596.36
2023-11-15,632596.36
2023-11-16,632596.36
2023-11-17,631982.07
2023-11-20,634359.09
2023-11-21,631838.71
2023-11-22,632261.99
2023-11-24,631495.51
2023-11-27,631938.78
2023-11-28,633343.53
2023-11-29,634485.71
2023-11-30,633924.09
2023-12-01,633666.97
2023-12-04,629594.09
2023-12-05,630141.2
2023-12-06,626847.86
2023-12-07,630797.28
2023-12-08,634241.31
2023-12-11,635070.41
2023-12-12,635729.5
2023-12-13,637652.21
2023-12-14,639025.31
2023-12-15,639177.08
2023-12-18,639644.7
2023-12-19,640116.24
2023-12-20,636810.85
2023-12-21,640029.85
2023-12-22,640156.66
2023-12-26,641401.07
2023-12-27,641461.64
2023-12-28,641978.18
2023-12-29,641477.39
2024-01-02,639164.27
2024-01-03,637078.2
2024-01-04,638327.11
2024-01-05,639048.78
2024-01-08,642509.63
2024-01-09,642167.02
2024-01-10,643194.21
2024-01-11,643407.38
2024-01-12,643894.22
2024-01-16,643902.47
2024-01-17,644079.93
2024-01-18,644624.98
2024-01-19,644754.75
2024-01-22,645182.38
2024-01-23,645929.24
2024-01-24,647039.8
2024-01-25,646426.18
2024-01-26,645779.13
2024-01-29,647998.99
2024-01-30,647463.4
2024-01-31,645595.75
2024-02-01,646386.88
2024-02-02,648135.57
2024-02-05,648161.87
2024-02-06,648860.15
2024-02-07,649920.44
2024-02-08,650332.67
2024-02-09,650085.65
2024-02-12,650446.84
2024-02-13,650260.86
2024-02-14,650515.31
2024-02-15,650521.48
2024-02-16,649894.34
2024-02-20,647229.28
2024-02-21,645871.65
2024-02-22,652650.42
2024-02-23,652063.42
2024-02-26,653419.22
2024-02-27,654652.44
2024-02-28,654656.18
2024-02-29,656160.25
2024-03-01,656750.72
2024-03-04,656517.91
2024-03-05,656460.37
2024-03-06,657919.69
2024-03-07,658310.85
2024-03-08,658375.39
2024-03-11,658419.24
2024-03-12,658514.79
2024-03-13,658651.42
2024-03-14,658680.54
2024-03-15,657776.26
2024-03-18,659008.46
2024-03-19,658683.86
2024-03-20,660581.98
2024-03-21,662074.77
2024-03-22,662899.04
2024-03-25,663334.81
2024-03-26,664095.32
2024-03-27,664528.29
2024-03-28,663702.12
2024-04-01,664981.48
2024-04-02,665050.55
2024-04-03,665472.77
2024-04-04,664799.31
2024-04-05,666498.92
2024-04-08,666839.19
2024-04-09,666985.4
2024-04-10,667285.33
2024-04-11,668274.93
2024-04-12,668290.05
2024-04-15,667852.94
2024-04-16,668393.86
2024-04-17,668129.7
2024-04-18,668456.13
2024-04-19,667363.1
2024-04-22,669500.57
2024-04-23,671274.22
2024-04-24,671319.82
2024-04-25,672083.55
2024-04-26,672957.41
2024-04-29,672932.24
2024-04-30,671993.28
2024-05-01,672196.44
2024-05-02,672885.0
2024-05-03,673289.16
2024-05-06,673370.92
2024-05-07,673320.34
2024-05-08,673358.5
2024-05-09,673352.58
2024-05-10,673311.37
2024-05-13,673378.73
2024-05-14,673391.97
2024-05-15,673392.31
2024-05-16,673392.32
2024-05-17,672721.0
2024-05-20,674522.35
2024-05-21,674464.35
2024-05-22,675048.05
2024-05-23,675799.21
2024-05-24,676995.99
2024-05-28,677492.17
2024-05-29,677143.07
2024-05-30,677704.14
2024-05-31,676163.95
2024-06-03,676226.81
2024-06-04,676158.15
2024-06-05,679205.09
2024-06-06,679024.67
2024-06-07,679130.12
2024-06-10,679962.64
2024-06-11,680517.64
2024-06-12,680973.48
2024-06-13,680996.38
2024-06-14,681075.74
2024-06-17,681083.79
2024-06-18,681111.48
2024-06-20,681112.45
2024-06-21,680519.02
2024-06-24,676514.44
2024-06-25,680373.63
2024-06-26,680583.21
2024-06-27,681405.11
2024-06-28,682324.56
2024-07-01,683562.62
2024-07-02,684203.17
2024-07-03,685909.35
2024-07-05,686074.82
2024-07-08,687021.67
2024-07-09,687277.05
2024-07-10,687674.58
2024-07-11,687277.39
2024-07-12,687666.97
2024-07-15,687780.84
2024-07-16,687843.27
2024-07-17,687023.36
2024-07-18,687816.51
2024-07-19,687315.68
2024-07-22,689815.93
2024-07-23,690297.42
2024-07-24,683572.26
2024-07-25,682594.47
2024-07-26,685818.96
2024-07-29,685259.03
2024-07-30,679676.7
2024-07-31,688042.5
2024-08-01,683058.73
2024-08-02,674069.83
2024-08-05,664526.21
2024-08-06,677115.43
2024-08-07,671727.17
2024-08-08,685051.16
2024-08-09,686159.65
2024-08-12,688558.41
2024-08-13,692969.89
2024-08-14,693812.39
2024-08-15,694718.83
2024-08-16,693590.95
2024-08-19,696170.5
2024-08-20,695412.67
2024-08-21,696795.85
2024-08-22,694271.28
2024-08-23,697421.61
2024-08-26,695646.19
2024-08-27,697073.57
2024-08-28,696238.69
2024-08-29,696551.92
2024-08-30,699496.75
2024-09-03,693244.94
2024-09-04,693705.2
2024-09-05,694991.21
2024-09-06,691296.53
2024-09-09,697768.82
2024-09-10,699925.05
2024-09-11,704249.91
2024-09-12,705185.39
2024-09-13,705695.6
2024-09-16,705693.17
2024-09-17,705935.2
2024-09-18,706175.99
2024-09-19,706717.91
2024-09-20,706019.23
2024-09-23,706276.17
2024-09-24,707092.77
2024-09-25,708203.06
2024-09-26,709643.4
2024-09-27,708218.82
2024-09-30,709095.07
2024-10-01,707161.3
2024-10-02,709062.43
2024-10-03,710595.78
2024-10-04,711522.03
2024-10-07,710991.12
2024-10-08,712276.44
2024-10-09,712898.48
2024-10-10,712902.93
2024-10-11,713413.73
2024-10-14,714103.49
2024-10-15,714200.74
2024-10-16,713989.74
2024-10-17,714248.0
2024-10-18,714364.66
2024-10-21,715803.5
2024-10-22,716314.07
2024-10-23,716056.17
2024-10-24,716605.64
2024-10-25,717902.05
2024-10-28,717391.45
2024-10-29,718131.68
2024-10-30,717571.5
2024-10-31,714126.29
2024-11-01,716442.67
2024-11-04,716307.73
2024-11-05,718863.87
2024-11-06,719311.86
2024-11-07,720081.02
2024-11-08,720163.21
2024-11-11,719926.7
2024-11-12,719964.34
2024-11-13,719685.55
2024-11-14,720191.79
2024-11-15,719571.49
2024-11-18,718172.3
2024-11-19,720768.1
2024-11-20,720597.34
2024-11-21,721254.62
2024-11-22,722550.4
2024-11-25,721644.21
2024-11-26,722882.77
2024-11-27,722321.61
2024-11-29,724380.26
2024-12-02,725584.53
2024-12-03,727136.1
2024-12-04,727836.5
2024-12-05,728334.45
2024-12-06,728623.76
2024-12-09,728225.51
2024-12-10,727667.84
2024-12-11,728650.64
2024-12-12,728612.98
2024-12-13,728355.6
2024-12-16,728011.32
2024-12-17,727727.84
2024-12-18,727390.18
2024-12-19,728491.31
2024-12-20,728542.65
2024-12-23,730769.45
2024-12-24,732235.53
2024-12-26,732421.82
2024-12-27,731183.46
2024-12-30,730368.65
2024-12-31,729332.54
2025-01-02,730656.19
2025-01-03,734227.92
2025-01-06,734045.44
2025-01-07,730183.35
2025-01-08,729390.12
2025-01-10,727999.05
2025-01-13,725404.43
2025-01-14,726775.77
2025-01-15,731211.74
2025-01-16,732898.84
2025-01-17,735978.86
2025-01-21,737618.25
2025-01-22,740408.22
2025-01-23,741215.26
2025-01-24,740678.18
2025-01-27,719495.96
2025-01-28,729405.49
2025-01-29,729763.13
2025-01-30,732160.01
2025-01-31,731992.06
2025-02-03,729379.88
2025-02-04,730037.16
2025-02-05,736723.19
2025-02-06,739524.63
2025-02-07,736356.07
2025-02-10,738993.34
2025-02-11,737509.82
2025-02-12,734904.1
2025-02-13,734169.13
2025-02-14,737051.21
2025-02-18,738181.02
2025-02-19,741599.94
2025-02-20,740592.6
2025-02-21,735164.77
2025-02-24,729285.04
2025-02-25,725805.88
2025-02-26,730018.09
2025-02-27,720369.27
2025-02-28,725040.59
2025-03-03,716457.34
2025-03-04,722008.55
2025-03-05,728973.17
2025-03-06,708444.36
2025-03-07,711752.29
2025-03-10,696190.12
2025-03-11,701274.97
2025-03-12,714221.62
2025-03-13,709736.86
2025-03-14,718808.82
2025-03-17,722793.2
2025-03-18,717951.5
2025-03-19,724204.67
2025-03-20,729022.06
2025-03-21,730568.38
2025-03-24,734470.62
2025-03-25,734757.16
2025-03-26,730549.9
2025-03-27,728609.05
2025-03-28,724876.63
2025-03-31,724561.12
2025-04-01,728056.71
2025-04-02,730645.98
2025-04-03,717843.53
2025-04-04,695661.94
2025-04-07,702677.47
2025-04-08,697871.27
2025-04-09,734430.37
2025-04-10,722802.27
2025-04-11,728393.97
2025-04-14,727759.22
2025-04-15,731174.29
2025-04-16,725394.46
2025-04-17,723211.43
2025-04-21,719706.61
2025-04-22,723891.7
2025-04-23,729558.89
2025-04-24,733802.37
2025-04-25,735840.95
2025-04-28,736109.67
2025-04-29,736839.07
2025-04-30,737453.73
2025-05-01,738647.21
2025-05-02,739383.33
2025-05-05,739542.6
2025-05-06,739522.2
2025-05-07,739535.04
2025-05-08,739909.02
2025-05-09,740100.95
2025-05-12,740195.9
2025-05-13,740202.07
2025-05-14,740202.45
2025-05-15,740202.45
2025-05-16,739411.94
2025-05-19,738975.05
2025-05-20,738617.19
2025-05-21,736404.77
2025-05-22,739006.92
2025-05-23,738356.49
2025-05-27,741812.11
2025-05-28,742320.74
2025-05-29,742887.97
2025-05-30,743034.81
2025-06-02,744552.2
2025-06-03,745902.86
2025-06-04,747046.37
2025-06-05,745615.8
2025-06-06,747769.0
2025-06-09,748518.82
2025-06-10,748784.27
2025-06-11,749057.09
2025-06-12,749166.96
2025-06-13,749239.19
2025-06-16,749290.28
2025-06-17,749292.78
2025-06-18,749293.36
2025-06-20,748823.66
2025-06-23,748946.85
2025-06-24,751974.24
2025-06-25,752660.99
2025-06-26,753541.88
2025-06-27,751552.35
2025-06-30,752861.32
2025-07-01,751866.96
2025-07-02,752168.21
2025-07-03,752985.19
2025-07-07,753024.89
2025-07-08,753427.39
2025-07-09,753876.11
2025-07-10,754226.05
2025-07-11,754301.22
2025-07-14,754467.2
2025-07-15,754571.69
2025-07-16,754569.35
2025-07-17,754691.13
2025-07-18,754223.63
2025-07-21,753518.8
2025-07-22,751606.45
2025-07-23,754593.02
2025-07-24,755866.37
2025-07-25,756922.12
2025-07-28,757581.59
2025-07-29,757663.08
2025-07-30,758813.0
2025-07-31,758963.16
2025-08-01,757674.45
2025-08-04,759122.95
2025-08-05,758942.18
2025-08-06,758921.93
2025-08-07,759841.59
2025-08-08,759987.13
2025-08-11,760052.69
2025-08-12,760104.09
2025-08-13,760111.02
2025-08-14,760114.94
2025-08-15,759616.36
2025-08-18,759883.05
2025-08-19,752648.8
2025-08-20,751115.8
2025-08-21,751173.18
2025-08-22,754808.34
2025-08-25,754983.2
2025-08-26,757317.01
2025-08-27,756891.18
2025-08-28,758296.16
2025-08-29,747733.42
2025-09-02,748964.54
2025-09-03,746449.24
2025-09-04,750260.21
2025-09-05,746618.18
2025-09-08,752005.94
2025-09-09,756153.05
2025-09-10,759182.67
2025-09-11,758833.77
2025-09-12,761541.89
2025-09-15,762187.65
2025-09-16,763524.33
2025-09-17,764331.65
2025-09-18,765831.51
2025-09-19,765288.32
2025-09-22,766536.73
2025-09-23,766639.72
2025-09-24,767749.74
2025-09-25,768319.91
2025-09-26,768585.68
2025-09-29,769399.02
2025-09-30,770608.71
2025-10-01,771118.16
2025-10-02,771444.62
2025-10-03,770133.05
2025-10-06,771510.18
2025-10-07,771799.44
2025-10-08,772053.28
2025-10-09,772170.49
2025-10-10,771445.89
2025-10-13,771910.89
2025-10-14,772167.7
2025-10-15,772256.73
2025-10-16,772293.77
2025-10-17,771673.27
2025-10-20,772051.9
2025-10-21,771499.15
2025-10-22,769385.5
2025-10-23,771517.55
2025-10-24,773517.92
2025-10-27,775958.39
2025-10-28,776687.99
2025-10-29,777649.64
2025-10-30,777356.45
2025-10-31,778053.92
2025-11-03,778122.35
2025-11-04,777225.4
2025-11-05,777744.96
2025-11-06,776284.33
2025-11-07,776544.72
2025-11-10,778567.43
2025-11-11,778478.55
2025-11-12,778710.33
2025-11-13,777675.04
2025-11-14,778530.9
2025-11-17,778235.31
2025-11-18,775854.52
2025-11-19,776548.96
2025-11-20,769843.54
2025-11-21,769071.41
2025-11-24,772617.8
2025-11-25,772654.42
2025-11-26,774128.87
2025-11-28,774399.14
2025-12-01,774867.82
2025-12-02,775507.45
2025-12-03,775577.15
2025-12-04,776110.95
2025-12-05,776284.9
2025-12-08,776596.14
2025-12-09,776662.8
2025-12-10,776666.6
2025-12-11,776696.64
2025-12-12,776477.88
2025-12-15,776684.85
2025-12-16,776848.29
2025-12-17,776719.8
2025-12-18,776924.29
2025-12-19,776430.9
2025-12-22,777581.51
2025-12-23,779145.32
2025-12-24,779354.3
2025-12-26,779191.99
2025-12-29,778552.32
2025-12-30,778333.82
2025-12-31,777535.61
2026-01-02,774428.47
2026-01-05,777213.0
2026-01-06,779447.72
2026-01-07,780132.67
2026-01-08,778900.46
2026-01-09,779554.14
2026-01-12,780449.53
2026-01-13,780529.33
2026-01-14,779543.35
2026-01-15,779198.22
2026-01-16,776651.93
2026-01-20,773403.09
2026-01-21,773874.8
2026-01-22,775335.36
2026-01-23,777351.62
2026-01-26,777471.11
2026-01-27,778361.05
2026-01-28,777300.0
2026-01-29,772704.36
2026-01-30,769091.95
2026-02-02,769017.55
2026-02-03,768118.58
2026-02-04,757811.06
2026-02-05,747756.82
2026-02-06,759403.13
2026-02-09,766925.45
2026-02-10,764983.77
2026-02-11,760682.34
2026-02-12,755629.76
2026-02-13,757020.24
2026-02-17,757271.61
2026-02-18,759477.22
2026-02-19,758911.42
2026-02-20,758153.12
2026-02-23,756584.03
2026-02-24,758007.35
2026-02-25,761092.79
2026-02-26,760115.88
2026-02-27,759298.82
2026-03-02,761551.67
2026-03-03,759978.13
2026-03-04,761846.9
2026-03-05,761390.46
2026-03-06,760658.66
2026-03-09,763316.81
2026-03-10,763644.43
2026-03-11,764894.39
2026-03-12,762592.89
2026-03-13,762812.71
2026-03-16,764011.27
2026-03-17,765182.29
2026-03-18,764508.11
2026-03-19,764751.26
2026-03-20,760759.46
2026-03-23,763509.82
2026-03-24,763341.51
2026-03-25,764692.87
2026-03-26,761977.33
2026-03-27,759440.82
2026-03-30,756303.66
2026-03-31,764437.48
2026-04-01,765158.29
2026-04-02,766147.55
2026-04-06,766411.33
2026-04-07,766926.17
2026-04-08,765867.81
2026-04-09,761492.04
2026-04-10,760013.04
2026-04-13,763317.37
2026-04-14,765354.96
2026-04-15,767803.79
2026-04-16,768147.46
2026-04-17,767564.6
2026-04-20,768576.1
2026-04-21,769587.19
2026-04-22,772657.08
2026-04-23,770637.27
2026-04-24,772849.92
2026-04-27,773342.66
2026-04-28,773093.54
2026-04-29,772761.81
2026-04-30,772163.08
2026-05-01,773715.06
2026-05-04,774305.85
2026-05-05,772867.23
2026-05-06,773598.02
2026-05-07,774932.69
2026-05-08,775278.3
2026-05-11,775430.95
2026-05-12,775535.63
2026-05-13,774689.62
2026-05-14,776290.61
2026-05-15,775914.01
2026-05-18,774608.78
2026-05-19,775481.75
2026-05-20,778318.38
2026-05-21,778775.04
2026-05-22,778706.78
2026-05-26,779511.0
2026-05-27,778914.66
2026-05-28,781386.7
2026-05-29,781700.2
2026-06-01,783887.24
2026-06-02,783884.56
2026-06-03,782830.11
2026-06-04,783543.81
2026-06-05,780959.1
2026-06-08,782014.01
2026-06-09,781534.82
2026-06-10,779356.15
2026-06-11,780318.83
2026-06-12,780737.21
2026-06-15,783775.1
2026-06-16,783070.22
2026-06-17,780191.75
2026-06-18,780118.26
2026-06-22,777818.81
2026-06-23,772418.74
2026-06-24,771445.67
2026-06-25,767644.72
2026-06-26,770624.77
2026-06-29,775869.54
2026-06-30,781270.35
2026-07-01,780744.61
2026-07-02,777416.52
2026-07-06,780598.58
2026-07-07,777567.48
2026-07-08,780062.45
2026-07-09,783268.51
2026-07-10,783338.98
2026-07-13,779113.19
2026-07-14,781999.01
2026-07-15,778037.22
2026-07-16,770522.92
2026-07-17,767584.49
2026-07-20,769911.27
2026-07-21,772296.89
2026-07-22,771098.73
2026-07-23,770193.91
2026-07-24,768797.46
2026-07-27,769955.39
2026-07-28,766776.6
2026-07-29,762616.3
2026-07-30,770154.75
2026-07-31,772193.04
2026-08-03,774437.58
2026-08-04,778633.7
2026-08-05,778695.91
2026-08-06,778961.11
2026-08-07,779363.92
2026-08-10,779291.87
2026-08-11,779538.31
2026-08-12,779732.14
2026-08-13,779812.02
2026-08-14,779836.59
2026-08-17,779860.69
2026-08-18,779857.32
2026-08-19,779864.12
2026-08-20,779864.86
2026-08-21,778821.7
2026-08-24,777091.28
2026-08-25,779734.14
2026-08-26,781386.74
2026-08-27,784739.29
2026-08-28,782030.97
2026-08-31,782002.9
2026-09-01,781611.23
2026-09-02,780708.8
2026-09-03,783929.32
2026-09-04,786181.55
2026-09-08,786674.59
2026-09-09,788046.01
2026-09-10,787735.0
2026-09-11,789360.46
2026-09-14,789449.31
2026-09-15,790500.29
2026-09-16,791558.35
2026-09-17,791853.24
2026-09-18,791861.26
2026-09-21,791861.26
