date,strategy,realised_$,open_mtm_$,equity_$,collateral_in_use_$,open_positions,premium_collected_cum_$
2026-09-22,weekly,0,-1097.9,498902.1,420500.0,5,1168.1
2026-09-22,monthly,0,-381.55,499618.45,416500.0,5,3261.45
2026-09-24,weekly,0,-1712.9,498287.1,420500.0,5,1168.1
2026-09-24,monthly,0,-1764.55,498235.45,416500.0,5,3261.45
2026-09-25,weekly,0,-162.4,499837.6,420500.0,5,1168.1
2026-09-25,monthly,0,-858.05,499141.95,416500.0,5,3261.45
2026-09-28,weekly,640.2,-961.55,499678.65,421700.0,5,1939.65
2026-09-28,monthly,0,-1724.05,498275.95,416500.0,5,3261.45
2026-09-29,weekly,-296.05,-288.55,499415.4,415700.0,5,2568.4
2026-09-29,monthly,0,-2241.55,497758.45,416500.0,5,3261.45
